x,y,,xi - mu1,yi - mu2,,(xi - mu1 ) ^ 2,(yi - mu2 ) ^ 2,,sig1,sig2,,D*E,,sum m,,cov
0.298790247,-1.384988893,,-0.212341142,0.631002532,,0.045088761,0.398164196,,993.0213217,996.896164,,-0.133987799,,661.9576045,,0.661957605
0.974428973,-1.255380684,,0.463297584,0.760610741,,0.214644651,0.5785287,,0.993021322,0.996896164,,0.352389118,,,,
-1.212908377,-3.507549478,,-1.724039766,-1.491558053,,2.972313116,2.224745425,,,,,2.571505397,,,,
-0.385575123,-2.530239106,,-0.896706512,-0.514247681,,0.804082569,0.264450677,,,,,0.461129244,,,,
0.088526778,-1.868422749,,-0.422604611,0.147568676,,0.178594658,0.021776514,,,,,-0.062363203,,,,
1.407484458,-1.345711037,,0.896353069,0.670280388,,0.803448824,0.449275799,,,,,0.600807883,,,,
-0.521404462,-1.639662352,,-1.032535851,0.376329073,,1.066130284,0.141623571,,,,,-0.38857326,,,,
0.04448633,-2.589583663,,-0.466645059,-0.573592238,,0.217757611,0.329008055,,,,,0.267663984,,,,
2.855527799,0.23017878,,2.34439641,2.246170205,,5.496194526,5.04528059,,,,,5.265913364,,,,
0.0643578,-2.606157058,,-0.446773589,-0.590165633,,0.19960664,0.348295474,,,,,0.263670418,,,,
0.745622664,-2.782588113,,0.234491275,-0.766596688,,0.054986158,0.587670482,,,,,-0.179760234,,,,
-1.131150486,-2.45868487,,-1.642281875,-0.442693445,,2.697089758,0.195977486,,,,,0.727027421,,,,
-0.19973789,-2.37231386,,-0.710869279,-0.356322435,,0.505335132,0.126965678,,,,,0.253298672,,,,
0.567277892,-1.598201834,,0.056146503,0.417789591,,0.00315243,0.174548142,,,,,0.023457424,,,,
0.394389625,-2.625214156,,-0.116741764,-0.609222731,,0.01362864,0.371152336,,,,,0.071121736,,,,
0.481808044,-2.098674765,,-0.029323345,-0.08268334,,0.000859859,0.006836535,,,,,0.002424552,,,,
0.425371012,-2.691958396,,-0.085760377,-0.675966971,,0.007354842,0.456931346,,,,,0.057971183,,,,
1.188201705,-0.715418232,,0.677070316,1.300573193,,0.458424212,1.691490631,,,,,0.880579502,,,,
0.107412665,-2.240695556,,-0.403718724,-0.224704131,,0.162988808,0.050491946,,,,,0.090717265,,,,
-2.023278567,-2.740388659,,-2.534409956,-0.724397234,,6.423233827,0.524751352,,,,,1.835919562,,,,
0.568773778,-1.437609307,,0.057642389,0.578382118,,0.003322645,0.334525875,,,,,0.033339327,,,,
0.532705076,-2.018785178,,0.021573687,-0.002793753,,0.000465424,7.80506E-06,,,,,-6.02715E-05,,,,
-0.503544821,-2.735415756,,-1.01467621,-0.719424331,,1.029567812,0.517571368,,,,,0.729982754,,,,
-0.898697058,-3.039636185,,-1.409828447,-1.02364476,,1.987616251,1.047848594,,,,,1.443163502,,,,
1.438041507,-0.252150718,,0.926910118,1.763840707,,0.859162366,3.11113404,,,,,1.634921797,,,,
-0.048159666,-2.685248444,,-0.559291055,-0.669257019,,0.312806485,0.447904957,,,,,0.374309464,,,,
0.101014767,-2.523707263,,-0.410116622,-0.507715838,,0.168195644,0.257775372,,,,,0.208222705,,,,
0.950061442,-3.319710333,,0.438930053,-1.303718908,,0.192659591,1.699682991,,,,,-0.572241409,,,,
2.425917586,-1.391526026,,1.914786197,0.624465399,,3.666406179,0.389957035,,,,,1.195717727,,,,
1.62476107,-1.583741295,,1.113629681,0.43225013,,1.240171066,0.186840175,,,,,0.481366574,,,,
1.330438634,-1.080791648,,0.819307245,0.935199777,,0.671264361,0.874598623,,,,,0.766215953,,,,
0.594981595,-1.488810473,,0.083850206,0.527180952,,0.007030857,0.277919756,,,,,0.044204231,,,,
1.535011298,-1.873305248,,1.023879909,0.142686177,,1.048330067,0.020359345,,,,,0.14609351,,,,
-0.493136571,-3.116258472,,-1.00426796,-1.100267047,,1.008554136,1.210587574,,,,,1.104962943,,,,
0.469514926,-1.875100866,,-0.041616463,0.140890559,,0.00173193,0.01985015,,,,,-0.005863367,,,,
1.433047893,-0.856838858,,0.921916504,1.159152567,,0.84993004,1.343634674,,,,,1.068641882,,,,
-1.092911978,-4.110829167,,-1.604043367,-2.094837742,,2.572955124,4.388345165,,,,,3.360210586,,,,
0.623007235,-0.995727326,,0.111875846,1.020264099,,0.012516205,1.040938832,,,,,0.114142909,,,,
-2.252462776,-3.779719128,,-2.763594165,-1.763727703,,7.637452711,3.11073541,,,,,4.874227589,,,,
0.985243248,-2.086007909,,0.474111859,-0.070016484,,0.224782055,0.004902308,,,,,-0.033195645,,,,
2.412151275,-1.184385424,,1.901019886,0.831606001,,3.613876606,0.691568541,,,,,1.580899545,,,,
0.221225157,-1.691642531,,-0.289906232,0.324348894,,0.084045624,0.105202205,,,,,-0.094030766,,,,
-0.157548525,-2.843741861,,-0.668679914,-0.827750436,,0.447132828,0.685170784,,,,,0.553500091,,,,
-1.529117075,-3.445175991,,-2.040248464,-1.429184566,,4.162613796,2.042568523,,,,,2.915891616,,,,
1.598131311,-1.192591503,,1.086999922,0.823399922,,1.18156883,0.677987432,,,,,0.895035651,,,,
1.716562022,-0.588277638,,1.205430633,1.427713787,,1.45306301,2.038366658,,,,,1.721009934,,,,
0.138260534,-2.449808609,,-0.372870855,-0.433817184,,0.139032675,0.188197349,,,,,0.161757784,,,,
0.563652996,-2.130344661,,0.052521607,-0.114353236,,0.002758519,0.013076663,,,,,-0.006006016,,,,
1.604659272,-1.766131421,,1.093527883,0.249860004,,1.19580323,0.062430022,,,,,0.273228881,,,,
1.264731281,-1.482083423,,0.753599892,0.533908002,,0.567912797,0.285057755,,,,,0.402353013,,,,
0.586727633,-1.241697317,,0.075596244,0.774294108,,0.005714792,0.599531366,,,,,0.058533726,,,,
-0.535664182,-2.41304796,,-1.046795571,-0.397056535,,1.095780968,0.157653892,,,,,0.415637022,,,,
-2.538290013,-5.845893201,,-3.049421402,-3.829901776,,9.298970889,14.66814761,,,,,11.67898444,,,,
1.5696459,-2.612022212,,1.058514511,-0.596030787,,1.120452969,0.355252699,,,,,-0.630907237,,,,
-0.726437026,-3.245767721,,-1.237568415,-1.229776296,,1.531575583,1.512349738,,,,,1.521932302,,,,
2.044063623,-1.769063657,,1.532932234,0.246927768,,2.349881233,0.060973323,,,,,0.378523535,,,,
0.575301817,-1.987744926,,0.064170428,0.028246499,,0.004117844,0.000797865,,,,,0.00181259,,,,
-1.501346095,-2.766783154,,-2.012477484,-0.750791729,,4.050065625,0.56368822,,,,,1.51095145,,,,
-0.701532788,-1.437911306,,-1.212664177,0.578080119,,1.470554407,0.334176624,,,,,-0.701017052,,,,
1.804795453,-1.327173024,,1.293664064,0.688818401,,1.67356671,0.47447079,,,,,0.891099612,,,,
-0.840892229,-1.388702423,,-1.352023618,0.627289002,,1.827967865,0.393491492,,,,,-0.848109546,,,,
0.863601415,-1.719254193,,0.352470026,0.296737232,,0.124235119,0.088052985,,,,,0.10459098,,,,
-0.181514167,-3.894771985,,-0.692645556,-1.87878056,,0.479757867,3.529816392,,,,,1.301329006,,,,
1.158567047,-1.006285405,,0.647435658,1.00970602,,0.419172931,1.019506247,,,,,0.653719681,,,,
-2.161634038,-2.676073534,,-2.672765427,-0.660082109,,7.14367503,0.43570839,,,,,1.76424464,,,,
0.443207433,-2.245196733,,-0.067923956,-0.229205308,,0.004613664,0.052535073,,,,,0.015568531,,,,
-0.93479124,-3.350045062,,-1.445922629,-1.334053637,,2.09069225,1.779699106,,,,,1.928938342,,,,
0.671307656,-0.960046398,,0.160176267,1.055945027,,0.025656436,1.1150199,,,,,0.169137332,,,,
-0.447690123,-2.761880247,,-0.958821512,-0.745888822,,0.919338693,0.556350135,,,,,0.715174248,,,,
1.586818373,0.477234517,,1.075686984,2.493225942,,1.157102487,6.216175599,,,,,2.681930693,,,,
2.485081681,-1.763069084,,1.973950292,0.252922341,,3.896479754,0.063969711,,,,,0.499256129,,,,
-0.961067354,-3.039557194,,-1.472198743,-1.023565769,,2.16736914,1.047686883,,,,,1.506892239,,,,
1.543690672,-2.845103752,,1.032559283,-0.829112327,,1.066178672,0.687427251,,,,,-0.856107629,,,,
-0.490114711,-1.81210565,,-1.0012461,0.203885775,,1.002493753,0.041569409,,,,,-0.204139837,,,,
-1.145286803,-3.719792511,,-1.656418192,-1.703801086,,2.743721228,2.90293814,,,,,2.822207115,,,,
1.759466265,-2.471892959,,1.248334876,-0.455901534,,1.558339962,0.207846209,,,,,-0.569117785,,,,
0.331906248,-1.317537164,,-0.179225141,0.698454261,,0.032121651,0.487838355,,,,,-0.125180564,,,,
1.926639345,-0.268760761,,1.415507956,1.747230664,,2.003662772,3.052814994,,,,,2.473218905,,,,
-1.380642753,-3.812355251,,-1.891774142,-1.796363826,,3.578809406,3.226922995,,,,,3.398314636,,,,
-0.480826222,-2.048446611,,-0.991957611,-0.032455186,,0.983979903,0.001053339,,,,,0.032194169,,,,
1.538328413,-2.07911159,,1.027197024,-0.063120165,,1.055133725,0.003984155,,,,,-0.064836845,,,,
1.272221527,-2.476736368,,0.761090138,-0.460744943,,0.579258198,0.212285902,,,,,-0.350668432,,,,
-0.947876721,-3.133534094,,-1.45900811,-1.117542669,,2.128704666,1.248901617,,,,,1.630503818,,,,
-1.220448517,-4.89915627,,-1.731579906,-2.883164845,,2.998368972,8.312639523,,,,,4.992430312,,,,
0.746107994,-0.627338401,,0.234976605,1.388653024,,0.055214005,1.928357221,,,,,0.326300973,,,,
-0.424732007,-2.377326568,,-0.935863396,-0.361335143,,0.875840297,0.130563085,,,,,0.338160334,,,,
1.188702545,-1.163177981,,0.677571156,0.852813444,,0.459102671,0.72729077,,,,,0.577841791,,,,
-0.291324912,-1.495890911,,-0.802456301,0.520100514,,0.643936116,0.270504545,,,,,-0.417357935,,,,
0.369713318,-1.778357846,,-0.141418071,0.237633579,,0.019999071,0.056469718,,,,,-0.033605682,,,,
1.136041668,-2.334760781,,0.624910279,-0.318769356,,0.390512856,0.101613902,,,,,-0.199202247,,,,
0.936939264,-0.799292297,,0.425807875,1.216699128,,0.181312346,1.480356768,,,,,0.51808007,,,,
1.353073782,-1.882143385,,0.841942393,0.13384804,,0.708866993,0.017915298,,,,,0.112692339,,,,
-0.58644347,-2.677983733,,-1.097574859,-0.661992308,,1.204670572,0.438233816,,,,,0.726586114,,,,
0.737328048,-2.321631906,,0.226196659,-0.305640481,,0.051164928,0.093416104,,,,,-0.069134856,,,,
-0.017995542,-1.717872876,,-0.529126931,0.298118549,,0.279975309,0.088874669,,,,,-0.157742553,,,,
-0.715685813,-2.912421511,,-1.226817202,-0.896430086,,1.505080448,0.803586899,,,,,1.09975585,,,,
-0.47201494,-2.377911382,,-0.983146329,-0.361919957,,0.966576705,0.130986055,,,,,0.355820277,,,,
1.178551359,-0.246485469,,0.66741997,1.769505956,,0.445449416,3.131151329,,,,,1.181003612,,,,
1.205652315,-2.128041901,,0.694520926,-0.112050476,,0.482359316,0.012555309,,,,,-0.0778214,,,,
0.330585602,-3.243179475,,-0.180545787,-1.22718805,,0.032596781,1.50599051,,,,,0.221563633,,,,
2.041297804,-1.66341876,,1.530166415,0.352572665,,2.341409256,0.124307484,,,,,0.539494851,,,,
-1.655787516,-3.303482147,,-2.166918905,-1.287490722,,4.695537542,1.657632359,,,,,2.789887986,,,,
0.147284329,-1.99751433,,-0.36384706,0.018477095,,0.132384683,0.000341403,,,,,-0.006722837,,,,
0.869302766,-0.696281312,,0.358171377,1.319710113,,0.128286735,1.741634783,,,,,0.472682388,,,,
-0.483349001,-1.338040253,,-0.99448039,0.677951172,,0.988991247,0.459617792,,,,,-0.674209146,,,,
1.109329951,-1.509292047,,0.598198562,0.506699378,,0.357841519,0.25674426,,,,,0.303106839,,,,
1.633775141,0.139218745,,1.122643752,2.15521017,,1.260328993,4.644930877,,,,,2.419533231,,,,
1.154258056,-1.211955104,,0.643126667,0.804036321,,0.413611909,0.646474406,,,,,0.517097199,,,,
0.159644471,-3.123417028,,-0.351486918,-1.107425603,,0.123543054,1.226391466,,,,,0.389245612,,,,
1.853600913,-0.823145759,,1.342469524,1.192845666,,1.802224422,1.422880783,,,,,1.601358953,,,,
1.653348157,-1.414232526,,1.142216768,0.601758899,,1.304659144,0.362113773,,,,,0.687339105,,,,
0.295244548,-0.010182921,,-0.215886841,2.005808504,,0.046607128,4.023267755,,,,,-0.433027662,,,,
-0.460460593,-2.191769316,,-0.971591982,-0.175777891,,0.94399098,0.030897867,,,,,0.170784389,,,,
1.349888318,-1.451018565,,0.838756929,0.56497286,,0.703513185,0.319194333,,,,,0.473874901,,,,
-0.44142995,-2.461044246,,-0.952561339,-0.445052821,,0.907373105,0.198072013,,,,,0.423940111,,,,
1.011521497,-2.095313836,,0.500390108,-0.079322411,,0.25039026,0.006292045,,,,,-0.03969215,,,,
0.994004268,-2.975710838,,0.482872879,-0.959719413,,0.233166217,0.921061351,,,,,-0.463422476,,,,
0.663693074,-2.684439546,,0.152561685,-0.668448121,,0.023275068,0.44682289,,,,,-0.101979571,,,,
-1.007441326,-2.200271935,,-1.518572715,-0.18428051,,2.306063092,0.033959306,,,,,0.279843354,,,,
1.415944406,-0.529064218,,0.904813017,1.486927207,,0.818686595,2.210952519,,,,,1.345391092,,,,
-0.113671449,-1.415451913,,-0.624802838,0.600539512,,0.390378587,0.360647706,,,,,-0.375218792,,,,
-0.591767911,-2.391158297,,-1.1028993,-0.375166872,,1.216386867,0.140750182,,,,,0.413771281,,,,
-0.207787796,-2.284559216,,-0.718919185,-0.268567791,,0.516844795,0.072128658,,,,,0.193078537,,,,
2.395523181,0.052880088,,1.884391792,2.068871513,,3.550932424,4.280229338,,,,,3.898564497,,,,
-0.19521049,-1.387241147,,-0.706341879,0.628750278,,0.498918851,0.395326912,,,,,-0.444112653,,,,
-0.315296785,-2.233287643,,-0.826428174,-0.217296218,,0.682983527,0.047217646,,,,,0.179579717,,,,
-0.954289017,-3.357149215,,-1.465420406,-1.34115779,,2.147456967,1.798704217,,,,,1.965359993,,,,
0.41936105,-1.47775143,,-0.091770339,0.538239995,,0.008421795,0.289702292,,,,,-0.049394467,,,,
1.229494001,-0.575956506,,0.718362612,1.440034919,,0.516044842,2.073700568,,,,,1.034467245,,,,
-0.880357954,-2.027841923,,-1.391489343,-0.011850498,,1.936242593,0.000140434,,,,,0.016489841,,,,
-0.213706294,-1.816611924,,-0.724837683,0.199379501,,0.525389667,0.039752185,,,,,-0.144517776,,,,
0.447349347,-1.896503713,,-0.063782042,0.119487712,,0.004068149,0.014277313,,,,,-0.00762117,,,,
-0.854230589,-2.624688747,,-1.365361978,-0.608697322,,1.864213332,0.37051243,,,,,0.83109218,,,,
3.536269091,-0.127907328,,3.025137702,1.888084097,,9.151458114,3.564861558,,,,,5.711714386,,,,
0.662601832,-1.384449227,,0.151470443,0.631542198,,0.022943295,0.398845548,,,,,0.095659976,,,,
-0.211756109,-2.683522179,,-0.722887498,-0.667530754,,0.522566335,0.445597307,,,,,0.482549637,,,,
0.502252522,-2.761196945,,-0.008878867,-0.74520552,,7.88343E-05,0.555331267,,,,,0.006616581,,,,
2.079723616,0.454335312,,1.568592227,2.470326737,,2.460481573,6.102514188,,,,,3.874935317,,,,
2.59126473,0.093280115,,2.080133341,2.10927154,,4.326954715,4.44902643,,,,,4.387566055,,,,
0.925332818,-2.855176107,,0.414201429,-0.839184682,,0.171562823,0.70423093,,,,,-0.347591494,,,,
0.342342671,-2.308892096,,-0.168788718,-0.292900671,,0.028489631,0.085790803,,,,,0.049438329,,,,
-0.0990612,-2.425289857,,-0.610192589,-0.409298432,,0.372334996,0.167525206,,,,,0.24975087,,,,
-0.413105752,-2.056694871,,-0.924237141,-0.040703446,,0.854214293,0.001656771,,,,,0.037619636,,,,
1.776044197,-1.614391823,,1.264912808,0.401599602,,1.600004411,0.16128224,,,,,0.50798848,,,,
1.453627598,-0.219397129,,0.942496209,1.796594296,,0.888299103,3.227751065,,,,,1.693283313,,,,
1.994543319,-2.237850855,,1.48341193,-0.22185943,,2.200510953,0.049221607,,,,,-0.329108925,,,,
-1.186235956,-3.009405135,,-1.697367345,-0.99341371,,2.881055905,0.986870799,,,,,1.686187992,,,,
-0.212614652,-0.40400681,,-0.723746041,1.611984615,,0.523808332,2.598494399,,,,,-1.166667484,,,,
1.540383282,-1.271639585,,1.029251893,0.74435184,,1.059359459,0.554059662,,,,,0.76612554,,,,
0.349495461,-1.59290184,,-0.161635928,0.423089585,,0.026126173,0.179004797,,,,,-0.068386478,,,,
2.116872311,-2.526711987,,1.605740922,-0.510720562,,2.578403907,0.260835492,,,,,-0.820084906,,,,
-0.111367344,-2.226511868,,-0.622498733,-0.210520443,,0.387504673,0.044318857,,,,,0.131048709,,,,
1.112691528,-2.914683965,,0.601560139,-0.89869254,,0.3618746,0.807648281,,,,,-0.540617609,,,,
0.837271019,-1.915951403,,0.32613963,0.100040022,,0.106367058,0.010008006,,,,,0.032627016,,,,
1.10239496,-1.429849485,,0.591263571,0.58614194,,0.34959261,0.343562374,,,,,0.346564376,,,,
0.318241204,-1.378161794,,-0.192890185,0.637829631,,0.037206624,0.406826638,,,,,-0.123031076,,,,
0.95209681,-2.420802666,,0.440965421,-0.404811241,,0.194450502,0.163872141,,,,,-0.178507759,,,,
0.537907513,-1.940414814,,0.026776124,0.075576611,,0.000716961,0.005711824,,,,,0.002023649,,,,
0.111679784,-1.994235786,,-0.399451605,0.021755639,,0.159561585,0.000473308,,,,,-0.008690325,,,,
-0.515764513,-3.275612127,,-1.026895902,-1.259620702,,1.054515194,1.586644313,,,,,1.293499337,,,,
0.010685688,-2.633772754,,-0.500445701,-0.617781329,,0.2504459,0.38165377,,,,,0.30916601,,,,
1.415870293,-1.771195537,,0.904738904,0.244795888,,0.818552484,0.059925027,,,,,0.221476363,,,,
0.288227079,-1.652605217,,-0.22290431,0.363386208,,0.049686332,0.132049536,,,,,-0.081000352,,,,
2.099300634,-2.182207504,,1.588169245,-0.166216079,,2.52228155,0.027627785,,,,,-0.263979264,,,,
-0.37367833,-1.975243884,,-0.884809719,0.040747541,,0.782888239,0.001660362,,,,,-0.03605382,,,,
-0.33496027,-3.335902623,,-0.846091659,-1.319911198,,0.715871096,1.74216557,,,,,1.116765856,,,,
0.65397537,-1.458010245,,0.142843981,0.55798118,,0.020404403,0.311342997,,,,,0.079704253,,,,
-0.954302698,-3.641559241,,-1.465434087,-1.625567816,,2.147497064,2.642470724,,,,,2.382162489,,,,
-1.065562989,-4.475707183,,-1.576694378,-2.459715758,,2.485965163,6.05020161,,,,,3.878220008,,,,
0.231969744,-1.548963933,,-0.279161645,0.467027492,,0.077931224,0.218114678,,,,,-0.130376163,,,,
0.429144623,-2.174654601,,-0.081986766,-0.158663176,,0.00672183,0.025174003,,,,,0.013008281,,,,
1.512450216,-0.579588334,,1.001318827,1.436403091,,1.002639393,2.06325384,,,,,1.438297458,,,,
1.676034035,-0.880749438,,1.164902646,1.135241987,,1.356998174,1.288774369,,,,,1.322446394,,,,
0.410839264,-1.649944568,,-0.100292125,0.366046857,,0.01005851,0.133990302,,,,,-0.036711617,,,,
0.866140174,-2.003084264,,0.355008785,0.012907161,,0.126031237,0.000166595,,,,,0.004582156,,,,
-0.279334472,-3.862400442,,-0.790465861,-1.846409017,,0.624836278,3.409226258,,,,,1.459523294,,,,
-0.008650053,-1.581617025,,-0.519781442,0.4343744,,0.270172748,0.188681119,,,,,-0.225779752,,,,
0.770344194,-2.521531711,,0.259212805,-0.505540286,,0.067191278,0.255570981,,,,,-0.131042515,,,,
2.185337466,-0.057776857,,1.674206077,1.958214568,,2.802965987,3.834604295,,,,,3.278454729,,,,
1.392248427,-1.760471863,,0.881117038,0.255519562,,0.776367234,0.065290247,,,,,0.22514264,,,,
-0.351878328,-2.173959017,,-0.863009717,-0.157967592,,0.744785772,0.02495376,,,,,0.136327567,,,,
0.278946936,-3.347530067,,-0.232184453,-1.331538642,,0.05390962,1.772995155,,,,,0.309162572,,,,
1.199905825,-0.713773107,,0.688774436,1.302218318,,0.474410223,1.695772548,,,,,0.896934687,,,,
-0.712560717,-1.626903164,,-1.223692106,0.389088261,,1.497422371,0.151389675,,,,,-0.476124234,,,,
0.695631888,-0.724726572,,0.184500499,1.291264853,,0.034040434,1.667364921,,,,,0.238239009,,,,
1.826771749,-0.910264312,,1.31564036,1.105727113,,1.730909556,1.222632449,,,,,1.454739217,,,,
1.718252134,-1.805419669,,1.207120745,0.210571756,,1.457140492,0.044340464,,,,,0.254185535,,,,
0.97859112,-0.353056158,,0.467459731,1.662935267,,0.2185186,2.765353703,,,,,0.777355272,,,,
1.376433137,-1.874497691,,0.865301748,0.141493734,,0.748747114,0.020020477,,,,,0.122434775,,,,
-0.520534802,-3.134012685,,-1.031666191,-1.11802126,,1.06433513,1.249971538,,,,,1.153424735,,,,
0.071867667,-1.751627402,,-0.439263722,0.264364023,,0.192952618,0.069888337,,,,,-0.116125525,,,,
-0.632437428,-2.03057894,,-1.143568817,-0.014587515,,1.30774964,0.000212796,,,,,0.016681827,,,,
-0.089462754,-2.650931786,,-0.600594143,-0.634940361,,0.360713325,0.403149262,,,,,0.381341462,,,,
-0.379587139,-3.834215321,,-0.890718528,-1.818223896,,0.793379497,3.305938136,,,,,1.619525713,,,,
0.650360522,-0.089472501,,0.139229133,1.926518924,,0.019384751,3.711475165,,,,,0.268227559,,,,
1.675340329,-2.589557358,,1.16420894,-0.573565933,,1.355382455,0.328977879,,,,,-0.667750587,,,,
1.653844695,-0.62116832,,1.142713306,1.394823105,,1.305793699,1.945531495,,,,,1.593882921,,,,
2.158777078,-1.178284506,,1.647645689,0.837706919,,2.714736315,0.701752882,,,,,1.380244194,,,,
0.417726493,-1.943131332,,-0.093404896,0.072860093,,0.008724475,0.005308593,,,,,-0.006805489,,,,
0.450031106,-2.714701523,,-0.061100283,-0.698710098,,0.003733245,0.488195801,,,,,0.042691385,,,,
-1.349184795,-3.615752413,,-1.860316184,-1.599760988,,3.460776306,2.559235218,,,,,2.976061257,,,,
2.073641471,0.213688501,,1.562510082,2.229679926,,2.441437755,4.971472573,,,,,3.483897363,,,,
-1.711954025,-3.518565818,,-2.223085414,-1.502574393,,4.94210876,2.257729806,,,,,3.340351217,,,,
0.232213886,-2.434108505,,-0.278917503,-0.41811708,,0.077794974,0.174821892,,,,,0.116620172,,,,
1.36874816,-0.8147495,,0.857616771,1.201241925,,0.735506525,1.442982163,,,,,1.030205221,,,,
0.919046275,-3.259750411,,0.407914886,-1.243758986,,0.166394554,1.546936415,,,,,-0.507347804,,,,
0.171707689,-2.665701939,,-0.3394237,-0.649710514,,0.115208448,0.422123752,,,,,0.220527147,,,,
0.096578299,-2.922919653,,-0.41455309,-0.906928228,,0.171854265,0.822518811,,,,,0.3759699,,,,
-0.343484763,-1.448188725,,-0.854616152,0.5678027,,0.730368768,0.322399906,,,,,-0.485253359,,,,
0.530765012,-2.650294136,,0.019633623,-0.634302711,,0.000385479,0.402339929,,,,,-0.01245366,,,,
0.763652691,-1.910727438,,0.252521302,0.105263987,,0.063767008,0.011080507,,,,,0.026581399,,,,
1.39407395,-0.832635432,,0.882942561,1.183355993,,0.779587565,1.400331406,,,,,1.044835371,,,,
1.292311365,-2.009494095,,0.781179976,0.00649733,,0.610242154,4.22153E-05,,,,,0.005075584,,,,
-1.928584915,-3.415395801,,-2.439716304,-1.399404376,,5.952215646,1.958332607,,,,,3.414149672,,,,
1.133845214,-0.916085324,,0.622713825,1.099906101,,0.387772507,1.209793431,,,,,0.684926735,,,,
-0.429503131,-2.869819136,,-0.94063452,-0.853827711,,0.884793301,0.72902176,,,,,0.803139819,,,,
-1.377307599,-3.451168243,,-1.888438988,-1.435176818,,3.566201813,2.059732499,,,,,2.710243858,,,,
0.091376302,-1.631597895,,-0.419755087,0.38439353,,0.176194333,0.147758386,,,,,-0.16135114,,,,
2.176922958,-1.509406857,,1.665791569,0.506584568,,2.77486155,0.256627925,,,,,0.843864302,,,,
-0.668294766,-2.734675627,,-1.179426155,-0.718684202,,1.391046056,0.516506982,,,,,0.847634945,,,,
2.746005273,-0.758642399,,2.234873884,1.257349026,,4.994661276,1.580926574,,,,,2.810016501,,,,
0.530283306,-1.049533399,,0.019151917,0.966458026,,0.000366796,0.934041116,,,,,0.018509524,,,,
-1.059028907,-3.428939795,,-1.570160296,-1.41294837,,2.465403356,1.996423096,,,,,2.218555431,,,,
-0.060405316,-2.359383825,,-0.571536705,-0.3433924,,0.326654206,0.11791834,,,,,0.196261361,,,,
-0.88184353,-4.257984356,,-1.392974919,-2.241992931,,1.940379126,5.026532302,,,,,3.123039922,,,,
2.465996182,-1.653231794,,1.954864793,0.362759631,,3.821496358,0.13159455,,,,,0.709146031,,,,
0.206015359,-0.309462021,,-0.30511603,1.706529404,,0.093095792,2.912242607,,,,,-0.520689477,,,,
0.791190052,-2.129767469,,0.280058663,-0.113776044,,0.078432855,0.012944988,,,,,-0.031863967,,,,
0.661776518,-3.285351557,,0.150645129,-1.269360132,,0.022693955,1.611275144,,,,,-0.19122292,,,,
-0.746331364,-2.205341786,,-1.257462753,-0.189350361,,1.581212576,0.035853559,,,,,0.238101026,,,,
0.368056815,-2.761685353,,-0.143074574,-0.745693928,,0.020470334,0.556059434,,,,,0.106689841,,,,
1.254807793,-3.284676729,,0.743676404,-1.268685304,,0.553054593,1.6095624,,,,,-0.943491324,,,,
-0.010473852,-2.572954195,,-0.521605241,-0.55696277,,0.272072028,0.310207527,,,,,0.2905147,,,,
-1.073106224,-5.293789578,,-1.584237613,-3.277798153,,2.509808816,10.74396073,,,,,5.192811123,,,,
0.995553265,-1.487514838,,0.484421876,0.528476587,,0.234664554,0.279287503,,,,,0.25600562,,,,
0.688978932,-3.460869482,,0.177847543,-1.444878057,,0.031629748,2.087672599,,,,,-0.256968012,,,,
-0.996631354,-3.566574632,,-1.507762743,-1.550583207,,2.27334849,2.404308281,,,,,2.33791159,,,,
-0.52016111,-3.3767512,,-1.031292499,-1.360759775,,1.063564219,1.851667165,,,,,1.403341349,,,,
-0.790761746,-2.796084524,,-1.301893135,-0.780093099,,1.694925736,0.608545243,,,,,1.01559785,,,,
-0.487059004,-2.319355642,,-0.998190393,-0.303364217,,0.996384061,0.092029848,,,,,0.302815247,,,,
0.61977969,-2.571846487,,0.108648301,-0.555855062,,0.011804453,0.30897485,,,,,-0.060392708,,,,
0.791527443,-1.769098919,,0.280396054,0.246892506,,0.078621947,0.06095591,,,,,0.069227684,,,,
1.636880253,-1.128007684,,1.125748864,0.887983741,,1.267310504,0.788515125,,,,,0.999646688,,,,
1.336243897,-1.490396252,,0.825112508,0.525595173,,0.68081065,0.276250286,,,,,0.433675151,,,,
1.384832777,-2.092806538,,0.873701388,-0.076815113,,0.763354115,0.005900562,,,,,-0.067113471,,,,
2.27742291,0.159401944,,1.766291521,2.175393369,,3.119785736,4.73233631,,,,,3.842378862,,,,
1.984147215,-1.503323056,,1.473015826,0.512668369,,2.169775623,0.262828857,,,,,0.755168621,,,,
0.214106284,-2.317918971,,-0.297025105,-0.301927546,,0.088223913,0.091160243,,,,,0.089680061,,,,
-0.337984182,-3.217219132,,-0.849115571,-1.201227707,,0.720997254,1.442948004,,,,,1.019981151,,,,
1.494973202,0.05336376,,0.983841813,2.069355185,,0.967944712,4.282230882,,,,,2.035918156,,,,
-1.057576285,-2.051282457,,-1.568707674,-0.035291032,,2.460843768,0.001245457,,,,,0.055361313,,,,
-0.256918186,-2.655560935,,-0.768049575,-0.63956951,,0.58990015,0.409049158,,,,,0.49122109,,,,
0.936551865,-0.448566031,,0.425420476,1.567425394,,0.180982581,2.456822366,,,,,0.666814857,,,,
2.012387262,-0.837287302,,1.501255873,1.178704123,,2.253769195,1.38934341,,,,,1.769536487,,,,
0.35748506,-2.663042925,,-0.153646329,-0.6470515,,0.023607195,0.418675643,,,,,0.099417088,,,,
1.687083686,-1.939222595,,1.175952297,0.07676883,,1.382863804,0.005893453,,,,,0.090276482,,,,
-0.057481504,-2.867342785,,-0.568612893,-0.85135136,,0.323320622,0.724799138,,,,,0.48408936,,,,
2.443267301,0.497821555,,1.932135912,2.51381298,,3.733149181,6.319255699,,,,,4.857028334,,,,
1.376548669,-1.64493318,,0.86541728,0.371058245,,0.748947068,0.137684221,,,,,0.321120217,,,,
-0.76652717,-2.601446801,,-1.277658559,-0.585455376,,1.632411394,0.342757997,,,,,0.748012072,,,,
0.525742842,-1.520463783,,0.014611453,0.495527642,,0.000213495,0.245547644,,,,,0.007240379,,,,
-0.786540118,-2.983871386,,-1.297671507,-0.967879961,,1.683951341,0.936791619,,,,,1.255990248,,,,
0.455857119,-2.159493649,,-0.05527427,-0.143502224,,0.003055245,0.020592888,,,,,0.007931981,,,,
2.365280488,-0.619694075,,1.854149099,1.39629735,,3.43786888,1.94964629,,,,,2.588943473,,,,
1.251318291,-3.073191097,,0.740186902,-1.057199672,,0.547876649,1.117671146,,,,,-0.78252535,,,,
-0.493765843,-2.178396804,,-1.004897232,-0.162405379,,1.009818448,0.026375507,,,,,0.163200716,,,,
0.994079222,-1.624308294,,0.482947833,0.391683131,,0.233238609,0.153415675,,,,,0.189162519,,,,
0.110850486,-0.972643594,,-0.400280903,1.043347831,,0.160224802,1.088574697,,,,,-0.417632212,,,,
0.497203122,-2.752363929,,-0.013928267,-0.736372504,,0.000193997,0.542244464,,,,,0.010256393,,,,
-0.769738864,-3.366310338,,-1.280870253,-1.350318913,,1.640628606,1.823361166,,,,,1.729583328,,,,
0.435565168,-2.535810738,,-0.075566221,-0.519819313,,0.005710254,0.270212118,,,,,0.039280781,,,,
-0.297063719,-3.067203085,,-0.808195108,-1.05121166,,0.653179333,1.105045954,,,,,0.849584121,,,,
0.347128432,-0.6036508,,-0.164002957,1.412340625,,0.02689697,1.994706041,,,,,-0.231628039,,,,
-1.582314541,-4.647903325,,-2.09344593,-2.6319119,,4.382515863,6.926960249,,,,,5.509765256,,,,
0.255491543,-1.393920695,,-0.255639846,0.62207073,,0.065351731,0.386971993,,,,,-0.159026066,,,,
1.148741467,-1.701841492,,0.637610078,0.314149933,,0.406546611,0.09869018,,,,,0.200305163,,,,
0.140456479,-1.762813774,,-0.37067491,0.253177651,,0.137399889,0.064098923,,,,,-0.093846603,,,,
0.642327361,-1.13613928,,0.131195972,0.879852145,,0.017212383,0.774139797,,,,,0.115433057,,,,
0.291483271,-1.905738199,,-0.219648118,0.110253226,,0.048245296,0.012155774,,,,,-0.024216914,,,,
1.421884772,-1.247483601,,0.910753383,0.768507824,,0.829471724,0.590604276,,,,,0.6999211,,,,
0.277111628,-1.381164081,,-0.234019761,0.634827344,,0.054765249,0.403005757,,,,,-0.148562144,,,,
0.924290656,-2.284706814,,0.413159267,-0.268715389,,0.17070058,0.07220796,,,,,-0.111022253,,,,
0.157740706,-2.296055631,,-0.353390683,-0.280064206,,0.124884975,0.078435959,,,,,0.098972081,,,,
1.518061346,-1.794321843,,1.006929957,0.221669582,,1.013907938,0.049137404,,,,,0.223205743,,,,
-0.810190063,-3.298792275,,-1.321321452,-1.28280085,,1.74589038,1.64557802,,,,,1.694992282,,,,
-0.740400049,-3.846706516,,-1.251531438,-1.830715091,,1.566330941,3.351517744,,,,,2.291197491,,,,
0.24502262,-1.402114689,,-0.266108769,0.613876736,,0.070813877,0.376844647,,,,,-0.163357983,,,,
0.391419962,-1.563821197,,-0.119711427,0.452170228,,0.014330826,0.204457915,,,,,-0.054129943,,,,
1.458863943,-0.753379368,,0.947732554,1.262612057,,0.898196993,1.594189207,,,,,1.196618549,,,,
0.404032906,-2.041358141,,-0.107098483,-0.025366716,,0.011470085,0.00064347,,,,,0.002716737,,,,
0.969587336,-0.9131826,,0.458455947,1.102808825,,0.210181855,1.216187305,,,,,0.505589264,,,,
0.20634207,-2.166822871,,-0.304789319,-0.150831446,,0.092896529,0.022750125,,,,,0.045971814,,,,
-0.920924511,-3.493629262,,-1.4320559,-1.477637837,,2.050784102,2.183413577,,,,,2.116059983,,,,
0.472832051,-1.83965504,,-0.038299338,0.176336385,,0.001466839,0.031094521,,,,,-0.006753567,,,,
0.00542294,-3.037231855,,-0.505708449,-1.02124043,,0.255741036,1.042932016,,,,,0.516449914,,,,
1.037133359,-1.400594518,,0.52600197,0.615396907,,0.276678072,0.378713353,,,,,0.323699985,,,,
0.940003849,-2.063243799,,0.42887246,-0.047252374,,0.183931587,0.002232787,,,,,-0.020265242,,,,
-0.352770152,-2.602750335,,-0.863901541,-0.58675891,,0.746325873,0.344286018,,,,,0.506901927,,,,
0.707019227,-2.518267804,,0.195887838,-0.502276379,,0.038372045,0.252281561,,,,,-0.098389834,,,,
0.784588913,-1.606773646,,0.273457524,0.409217779,,0.074779017,0.167459191,,,,,0.111903681,,,,
2.790215875,-0.924952775,,2.279084486,1.09103865,,5.194226093,1.190365336,,,,,2.486569261,,,,
-0.581149185,-2.525666731,,-1.092280574,-0.509675306,,1.193076853,0.259768917,,,,,0.556708436,,,,
-0.019976439,-1.500040093,,-0.531107828,0.515951332,,0.282075525,0.266205777,,,,,-0.274025792,,,,
2.104276297,-2.05662515,,1.593144908,-0.040633725,,2.538110697,0.0016511,,,,,-0.064735412,,,,
0.597057323,-2.642480697,,0.085925934,-0.626489272,,0.007383266,0.392488808,,,,,-0.053831676,,,,
0.122868238,-1.84151535,,-0.388263151,0.174476075,,0.150748275,0.030441901,,,,,-0.067742631,,,,
-2.849790314,-5.057271353,,-3.360921703,-3.041279928,,11.2957947,9.2493836,,,,,10.22150372,,,,
-0.249383249,-2.316397211,,-0.760514638,-0.300405786,,0.578382515,0.090243636,,,,,0.228462998,,,,
0.910915841,-1.59068899,,0.399784452,0.425302435,,0.159827608,0.180882161,,,,,0.170029301,,,,
1.841473538,-1.135912086,,1.330342149,0.880079339,,1.769810232,0.774539643,,,,,1.170806639,,,,
0.699014182,-1.034418489,,0.187882793,0.981572936,,0.035299944,0.963485429,,,,,0.184420664,,,,
1.674210056,-2.267398214,,1.163078667,-0.251406789,,1.352751985,0.063205373,,,,,-0.292405873,,,,
0.758411756,-2.26552216,,0.247280367,-0.249530735,,0.06114758,0.062265588,,,,,-0.061704052,,,,
-0.00586469,-2.937118722,,-0.516996079,-0.921127297,,0.267284946,0.848475497,,,,,0.476219201,,,,
1.672719808,-1.11543104,,1.161588419,0.900560385,,1.349287654,0.811009007,,,,,1.046080514,,,,
0.083299022,-1.127424156,,-0.427832367,0.888567269,,0.183040535,0.789551792,,,,,-0.380157838,,,,
1.927309988,-1.224673878,,1.416178599,0.791317547,,2.005561823,0.62618346,,,,,1.120646975,,,,
-1.167868317,-2.052129096,,-1.678999706,-0.036137671,,2.819040014,0.001305931,,,,,0.060675139,,,,
1.396424345,-2.017112515,,0.885292956,-0.00112109,,0.783743617,1.25684E-06,,,,,-0.000992493,,,,
0.834250526,-2.268073289,,0.323119137,-0.252081864,,0.104405976,0.063545266,,,,,-0.081452474,,,,
1.721800086,-0.078680874,,1.210668697,1.937310551,,1.465718693,3.753172172,,,,,2.34544124,,,,
-0.501254113,-1.574125951,,-1.012385502,0.441865474,,1.024924405,0.195245097,,,,,-0.4473382,,,,
1.945410251,-1.145477134,,1.434278862,0.870514291,,2.057155853,0.757795131,,,,,1.248560247,,,,
-0.009692114,-3.452637866,,-0.520823503,-1.436646441,,0.271257122,2.063952996,,,,,0.748239232,,,,
0.22456487,-2.738874731,,-0.286566519,-0.722883306,,0.08212037,0.522560274,,,,,0.207154153,,,,
1.374375795,-1.280275706,,0.863244406,0.735715719,,0.745190904,0.541277619,,,,,0.635102479,,,,
1.084922989,-1.889123347,,0.5737916,0.126868078,,0.3292368,0.016095509,,,,,0.072795837,,,,
-0.410685542,-2.962560357,,-0.921816931,-0.946568932,,0.849746455,0.895992743,,,,,0.872563268,,,,
-0.871728178,-3.881351861,,-1.382859567,-1.865360436,,1.912300583,3.479569556,,,,,2.579531525,,,,
0.345557147,-2.698188158,,-0.165574242,-0.682196733,,0.02741483,0.465392382,,,,,0.112954207,,,,
0.967484346,-2.398176116,,0.456352957,-0.382184691,,0.208258021,0.146065138,,,,,-0.174411114,,,,
1.997151086,-0.150892524,,1.486019697,1.865098901,,2.208254539,3.478593911,,,,,2.771573703,,,,
2.222214026,0.462943862,,1.711082637,2.478935287,,2.927803789,6.145120158,,,,,4.241663127,,,,
-0.397440217,-2.666692159,,-0.908571606,-0.650700734,,0.825502364,0.423411445,,,,,0.591208211,,,,
1.761259819,-0.752114994,,1.25012843,1.263876431,,1.562821091,1.597383633,,,,,1.580007858,,,,
1.034822005,-1.049310825,,0.523690616,0.9666806,,0.274251861,0.934471383,,,,,0.506241559,,,,
0.299111077,-2.442310553,,-0.212020312,-0.426319128,,0.044952613,0.181747999,,,,,0.090388315,,,,
1.024791829,-2.840653598,,0.51366044,-0.824662173,,0.263847047,0.680067699,,,,,-0.423596334,,,,
-0.596303574,-2.757709108,,-1.107434963,-0.741717683,,1.226412198,0.550145121,,,,,0.821404095,,,,
0.522345337,-2.033121703,,0.011213948,-0.017130278,,0.000125753,0.000293446,,,,,-0.000192098,,,,
-0.19930428,-1.503421034,,-0.710435669,0.512570391,,0.50471884,0.262728406,,,,,-0.364148289,,,,
0.673528513,-0.762082811,,0.162397124,1.253908614,,0.026372826,1.572286813,,,,,0.203631152,,,,
0.62204087,-1.494135666,,0.110909481,0.521855759,,0.012300913,0.272333433,,,,,0.057878751,,,,
0.821322424,-2.270990472,,0.310191035,-0.254999047,,0.096218478,0.065024514,,,,,-0.079098418,,,,
-0.14631904,-3.742691895,,-0.657450429,-1.72670047,,0.432241067,2.981494513,,,,,1.135219965,,,,
0.572917991,-2.28741204,,0.061786602,-0.271420615,,0.003817584,0.07366915,,,,,-0.016770157,,,,
-0.405192503,-3.773425587,,-0.916323892,-1.757434162,,0.839649476,3.088574833,,,,,1.610378912,,,,
0.28693789,-3.091939252,,-0.224193499,-1.075947827,,0.050262725,1.157663726,,,,,0.241220508,,,,
1.716998412,-1.410346083,,1.205867023,0.605645342,,1.454115276,0.36680628,,,,,0.730327745,,,,
0.828375715,-0.898991796,,0.317244326,1.116999629,,0.100643962,1.247688171,,,,,0.354361794,,,,
0.921095753,-1.295078743,,0.409964364,0.720912682,,0.168070779,0.519715095,,,,,0.295548509,,,,
-0.95057138,-2.236779459,,-1.461702769,-0.220788034,,2.136574986,0.048747356,,,,,0.322726481,,,,
-0.886764354,-3.283673365,,-1.397895743,-1.26768194,,1.954112509,1.607017501,,,,,1.772087188,,,,
-0.920675058,-2.633985206,,-1.431806447,-0.617993781,,2.050069703,0.381916313,,,,,0.88484748,,,,
1.963437753,-1.879933258,,1.452306364,0.136058167,,2.109193774,0.018511825,,,,,0.197598142,,,,
0.231782724,-2.784331445,,-0.279348665,-0.76834002,,0.078035677,0.590346386,,,,,0.214634759,,,,
2.421954745,-2.030545695,,1.910823356,-0.01455427,,3.651245896,0.000211827,,,,,-0.027810639,,,,
-0.8253544,-1.4957592,,-1.336485789,0.520232225,,1.786194265,0.270641568,,,,,-0.695282976,,,,
-0.503866367,-1.094149621,,-1.014997756,0.921841804,,1.030220445,0.849792312,,,,,-0.935667363,,,,
1.578482348,0.394770205,,1.067350959,2.41076163,,1.139238069,5.811771637,,,,,2.573128737,,,,
-0.846322287,-3.672498369,,-1.357453676,-1.656506944,,1.842680483,2.744015255,,,,,2.248631441,,,,
1.198110266,-1.986009599,,0.686978877,0.029981826,,0.471939977,0.00089891,,,,,0.020596881,,,,
1.335426492,-2.140940322,,0.824295103,-0.124948897,,0.679462416,0.015612227,,,,,-0.102994764,,,,
0.054627885,-1.442396469,,-0.456503504,0.573594956,,0.208395449,0.329011174,,,,,-0.261848108,,,,
-0.360817523,-2.061651522,,-0.871948912,-0.045660097,,0.760294906,0.002084844,,,,,0.039813272,,,,
1.258646962,-1.447972085,,0.747515573,0.56801934,,0.558779531,0.322645971,,,,,0.424603302,,,,
2.001522198,-1.966396429,,1.490390809,0.049594996,,2.221264762,0.002459664,,,,,0.073915926,,,,
1.98426935,-1.624634546,,1.473137961,0.391356879,,2.170135451,0.153160207,,,,,0.576522675,,,,
-0.214955949,-2.825719649,,-0.726087338,-0.809728224,,0.527202823,0.655659797,,,,,0.587933411,,,,
-1.64722665,-2.861614374,,-2.158358039,-0.845622949,,4.658509426,0.715078172,,,,,1.82515709,,,,
-1.212841789,-3.76547081,,-1.723973178,-1.749479385,,2.97208352,3.060678118,,,,,3.016055536,,,,
0.710426583,-1.653967901,,0.199295194,0.362023524,,0.039718574,0.131061032,,,,,0.072149548,,,,
-0.95583656,-3.124594343,,-1.466967949,-1.108602918,,2.151994964,1.22900043,,,,,1.626284949,,,,
1.885206314,-0.968850366,,1.374074925,1.047141059,,1.888081899,1.096504398,,,,,1.438850272,,,,
1.090501783,-1.638164805,,0.579370394,0.37782662,,0.335670053,0.142752955,,,,,0.218901558,,,,
0.359132342,-1.922361878,,-0.151999047,0.093629547,,0.02310371,0.008766492,,,,,-0.014231602,,,,
-0.009828632,-2.144859317,,-0.520960021,-0.128867892,,0.271399344,0.016606934,,,,,0.06713502,,,,
0.52526488,-2.743763712,,0.014133491,-0.727772287,,0.000199756,0.529652502,,,,,-0.010285963,,,,
-1.048675125,-3.755889599,,-1.559806514,-1.739898174,,2.432996362,3.027245655,,,,,2.713904506,,,,
0.343598443,-2.709767429,,-0.167532946,-0.693776004,,0.028067288,0.481325144,,,,,0.116230338,,,,
2.267971594,-0.504848703,,1.756840205,1.511142722,,3.086487505,2.283552327,,,,,2.654836289,,,,
0.388311456,-1.268330563,,-0.122819933,0.747660862,,0.015084736,0.558996765,,,,,-0.091827657,,,,
0.693141925,-1.162774405,,0.182010536,0.85321702,,0.033127835,0.727979283,,,,,0.155294487,,,,
1.01992292,-1.867441047,,0.508791531,0.148550378,,0.258868822,0.022067215,,,,,0.075581174,,,,
1.837575983,-1.32490228,,1.326444594,0.691089145,,1.75945526,0.477604207,,,,,0.91669146,,,,
-0.696378834,-3.104110171,,-1.207510223,-1.088118746,,1.45808094,1.184002405,,,,,1.31391451,,,,
1.042164684,-2.676460273,,0.531033295,-0.660468848,,0.28199636,0.436219099,,,,,-0.350730948,,,,
0.917617221,-1.830478937,,0.406485832,0.185512488,,0.165230731,0.034414883,,,,,0.075408198,,,,
-0.038406096,-1.18578873,,-0.549537485,0.830202695,,0.301991448,0.689236515,,,,,-0.456227501,,,,
0.740685636,-3.025404265,,0.229554247,-1.00941284,,0.052695152,1.018914281,,,,,-0.231715004,,,,
0.782034884,-1.255405938,,0.270903495,0.760585487,,0.073388703,0.578490283,,,,,0.206045266,,,,
1.005018441,-1.839131829,,0.493887052,0.176859596,,0.24392442,0.031279317,,,,,0.087348664,,,,
0.629477227,-1.722036043,,0.118345838,0.293955382,,0.014005737,0.086409767,,,,,0.034788396,,,,
1.76159504,-2.736857266,,1.250463651,-0.720865841,,1.563659342,0.519647561,,,,,-0.901416531,,,,
-0.818081335,-2.45414188,,-1.329212724,-0.438150455,,1.766806467,0.191975821,,,,,0.58239516,,,,
-2.357794093,-3.816749967,,-2.868925482,-1.800758542,,8.230733423,3.242731326,,,,,5.166242068,,,,
1.187435372,-2.165652732,,0.676303983,-0.149661307,,0.457387077,0.022398507,,,,,-0.101216538,,,,
0.550082926,-0.322516452,,0.038951537,1.693474973,,0.001517222,2.867857485,,,,,0.065963452,,,,
0.829392869,-1.674001655,,0.31826148,0.34198977,,0.101290369,0.116957003,,,,,0.10884217,,,,
0.478719309,-2.196896463,,-0.03241208,-0.180905038,,0.001050543,0.032726633,,,,,0.005863509,,,,
0.141140411,-2.316292737,,-0.369990978,-0.300301312,,0.136893324,0.090180878,,,,,0.111108776,,,,
1.20536075,-0.546618209,,0.694229361,1.469373216,,0.481954405,2.159057648,,,,,1.020082028,,,,
2.110365728,-2.077175554,,1.599234339,-0.061184129,,2.55755047,0.003743498,,,,,-0.09784776,,,,
0.111932557,-1.49682059,,-0.399198832,0.519170835,,0.159359708,0.269538356,,,,,-0.207252391,,,,
-0.604588945,-2.442170939,,-1.115720334,-0.426179514,,1.244831864,0.181628978,,,,,0.47549715,,,,
1.046892097,-2.340518607,,0.535760708,-0.324527182,,0.287039536,0.105317892,,,,,-0.173868913,,,,
1.357071741,-1.307214833,,0.845940352,0.708776592,,0.715615079,0.502364258,,,,,0.59958272,,,,
0.706508489,-3.247640963,,0.1953771,-1.231649538,,0.038172211,1.516960584,,,,,-0.240636114,,,,
0.523959252,-2.986294833,,0.012827863,-0.970303408,,0.000164554,0.941488703,,,,,-0.012446919,,,,
2.214252707,-1.186661845,,1.703121318,0.82932958,,2.900622223,0.687787552,,,,,1.412448887,,,,
0.746491565,-2.072099795,,0.235360176,-0.05610837,,0.055394412,0.003148149,,,,,-0.013205676,,,,
-0.629326511,-3.512186978,,-1.1404579,-1.496195553,,1.300644222,2.238601132,,,,,1.706348039,,,,
-1.349293183,-4.061229664,,-1.860424572,-2.045238239,,3.461179589,4.182999454,,,,,3.805011476,,,,
0.302781849,-2.757700715,,-0.20834954,-0.74170929,,0.043409531,0.550132671,,,,,0.15453479,,,,
0.879958666,-2.161193692,,0.368827277,-0.145202267,,0.13603356,0.021083698,,,,,-0.053554557,,,,
0.530696714,-2.18584722,,0.019565325,-0.169855795,,0.000382802,0.028850991,,,,,-0.003323284,,,,
1.361044536,-1.715349547,,0.849913147,0.300641878,,0.722352357,0.090385539,,,,,0.255519485,,,,
1.312285381,-2.526466907,,0.801153992,-0.510475482,,0.641847718,0.260585218,,,,,-0.40896947,,,,
-1.207623701,-3.560640002,,-1.71875509,-1.544648577,,2.954119061,2.385939226,,,,,2.654872604,,,,
0.671681247,-1.337906235,,0.160549858,0.67808519,,0.025776257,0.459799525,,,,,0.108866481,,,,
1.046925591,-0.289651551,,0.535794202,1.726339874,,0.287075427,2.980249361,,,,,0.924962895,,,,
-0.598326544,-3.020052257,,-1.109457933,-1.004060832,,1.230896906,1.008138154,,,,,1.113963255,,,,
-1.00953058,-3.131473737,,-1.520661969,-1.115482312,,2.312412825,1.244300788,,,,,1.696271529,,,,
1.474317938,-0.730695901,,0.963186549,1.285295524,,0.927728327,1.651984584,,,,,1.23797936,,,,
0.155745647,-2.662898005,,-0.355385742,-0.64690658,,0.126299026,0.418488123,,,,,0.229901375,,,,
0.362211862,-1.342079904,,-0.148919527,0.673911521,,0.022177026,0.454156738,,,,,-0.100358585,,,,
-1.14888494,-3.725465971,,-1.660016329,-1.709474546,,2.755654214,2.922303223,,,,,2.837755661,,,,
0.015451819,-2.515917288,,-0.49567957,-0.499925863,,0.245698236,0.249925868,,,,,0.247803037,,,,
1.43596509,-1.435603915,,0.924833701,0.58038751,,0.855317374,0.336849662,,,,,0.536761929,,,,
-0.648557798,-3.665345304,,-1.159689187,-1.649353879,,1.344879011,2.720368218,,,,,1.912737859,,,,
0.472184829,-2.657529535,,-0.03894656,-0.64153811,,0.001516835,0.411571146,,,,,0.024985703,,,,
0.673826417,-2.200296031,,0.162695028,-0.184304606,,0.026469672,0.033968188,,,,,-0.029985443,,,,
-0.883791093,-2.350569164,,-1.394922482,-0.334577739,,1.945808732,0.111942263,,,,,0.46671001,,,,
1.417422003,-1.523749655,,0.906290614,0.49224177,,0.821362676,0.24230196,,,,,0.446114096,,,,
1.923764245,-1.561663807,,1.412632856,0.454327618,,1.995531585,0.206413585,,,,,0.641798121,,,,
2.281867103,-1.772151647,,1.770735714,0.243839778,,3.135504968,0.059457837,,,,,0.431775804,,,,
0.374854004,-1.669940028,,-0.136277385,0.346051397,,0.018571526,0.119751569,,,,,-0.04715898,,,,
-0.034052947,-2.961246088,,-0.545184336,-0.945254663,,0.297225961,0.893506378,,,,,0.515338036,,,,
1.366061289,-2.324638162,,0.8549299,-0.308646737,,0.730905133,0.095262808,,,,,-0.263871324,,,,
-1.469506696,-2.586131443,,-1.980638085,-0.570140018,,3.922927225,0.32505964,,,,,1.129241033,,,,
0.573897128,-1.782214872,,0.062765739,0.233776553,,0.003939538,0.054651477,,,,,0.014673158,,,,
0.405684502,-2.204070244,,-0.105446887,-0.188078819,,0.011119046,0.035373642,,,,,0.019832326,,,,
2.057188923,0.495453958,,1.546057534,2.511445383,,2.390293897,6.307357912,,,,,3.882839055,,,,
0.663726368,-1.44300063,,0.152594979,0.572990795,,0.023285228,0.328318451,,,,,0.087435518,,,,
0.198845029,-3.257256372,,-0.31228636,-1.241264947,,0.097522771,1.540738668,,,,,0.387630112,,,,
-0.036099596,-1.521000654,,-0.547230985,0.494990771,,0.299461751,0.245015864,,,,,-0.270874287,,,,
1.388440873,0.299424258,,0.877309484,2.315415683,,0.76967193,5.361149786,,,,,2.031336137,,,,
-1.005881962,-3.37504334,,-1.517013351,-1.359051915,,2.301329508,1.847022107,,,,,2.0616999,,,,
-0.328913122,-4.725042176,,-0.840044511,-2.709050751,,0.705674781,7.338955971,,,,,2.275723214,,,,
1.163651408,-2.577584545,,0.652520019,-0.56159312,,0.425782375,0.315386832,,,,,-0.366450753,,,,
-0.468217893,-3.502151501,,-0.979349282,-1.486160076,,0.959125017,2.208671771,,,,,1.455469804,,,,
1.475753602,-2.345487687,,0.964622213,-0.329496262,,0.930496013,0.108567787,,,,,-0.317839413,,,,
1.512900524,-0.920073103,,1.001769135,1.095918322,,1.003541399,1.201036969,,,,,1.097857149,,,,
1.696942917,-2.265998266,,1.185811528,-0.250006841,,1.406148979,0.06250342,,,,,-0.296460994,,,,
-2.567381417,-3.34519082,,-3.078512806,-1.329199395,,9.477241099,1.766771031,,,,,4.091957359,,,,
0.890131247,-2.275590634,,0.378999858,-0.259599209,,0.143640892,0.067391749,,,,,-0.098388063,,,,
-1.024452204,-4.070612069,,-1.535583593,-2.054620644,,2.358016972,4.22146599,,,,,3.155041751,,,,
1.441626409,-1.182452507,,0.93049502,0.833538918,,0.865820982,0.694787128,,,,,0.775603812,,,,
1.421052058,-0.95224036,,0.909920669,1.063751065,,0.827955623,1.131566329,,,,,0.96792908,,,,
0.596207135,-1.804714088,,0.085075746,0.211277337,,0.007237882,0.044638113,,,,,0.017974577,,,,
-0.340204723,-3.682499825,,-0.851336112,-1.6665084,,0.724773176,2.777250247,,,,,1.418758782,,,,
0.463143497,-2.325781167,,-0.047987892,-0.309789742,,0.002302838,0.095969684,,,,,0.014866157,,,,
0.421276069,-1.874750605,,-0.08985532,0.14124082,,0.008073979,0.019948969,,,,,-0.012691239,,,,
1.27548655,-1.053768446,,0.764355161,0.962222979,,0.584238812,0.925873062,,,,,0.7354801,,,,
0.80596352,-1.464020533,,0.294832131,0.551970892,,0.086925985,0.304671866,,,,,0.162738754,,,,
1.794632949,-1.550905981,,1.28350156,0.465085444,,1.647376254,0.21630447,,,,,0.596937893,,,,
-0.836569393,-2.960022534,,-1.347700782,-0.944031109,,1.816297399,0.891194735,,,,,1.272271464,,,,
1.347037812,-0.996922724,,0.835906423,1.019068701,,0.698739547,1.038501018,,,,,0.851846072,,,,
-1.37046186,-3.79694079,,-1.881593249,-1.780949365,,3.540393156,3.17178064,,,,,3.351022302,,,,
0.469393478,-0.997185806,,-0.041737911,1.018805619,,0.001742053,1.03796489,,,,,-0.042522819,,,,
0.493755679,-1.301707144,,-0.01737571,0.714284281,,0.000301915,0.510202034,,,,,-0.012411197,,,,
1.463023406,-1.47525566,,0.951892017,0.540735765,,0.906098411,0.292395168,,,,,0.514722058,,,,
0.687279908,-3.424975833,,0.176148519,-1.408984408,,0.031028301,1.985237062,,,,,-0.248190516,,,,
0.78954404,-1.514410557,,0.278412651,0.501580868,,0.077513604,0.251583367,,,,,0.139646459,,,,
1.422475669,-2.758119588,,0.91134428,-0.742128163,,0.830548396,0.55075421,,,,,-0.676334256,,,,
0.187055679,-2.859807822,,-0.32407571,-0.843816397,,0.105025066,0.712026112,,,,,0.273460398,,,,
0.984876006,-1.1100651,,0.473744617,0.905926325,,0.224433962,0.820702507,,,,,0.42917772,,,,
0.653415836,-1.227610914,,0.142284447,0.788380511,,0.020244864,0.62154383,,,,,0.112174285,,,,
0.36076618,-2.54436652,,-0.150365209,-0.528375095,,0.022609696,0.279180241,,,,,0.079449232,,,,
-0.438679387,-0.892868547,,-0.949810776,1.123122878,,0.902140511,1.261404999,,,,,-1.066754213,,,,
2.167264241,-1.344720135,,1.656132852,0.67127129,,2.742776022,0.450605145,,,,,1.111714436,,,,
0.757375294,-3.80520444,,0.246243905,-1.789213015,,0.060636061,3.201283213,,,,,-0.440582799,,,,
-0.370329011,-1.947330339,,-0.8814604,0.068661086,,0.776972437,0.004714345,,,,,-0.060522028,,,,
0.78117115,-2.78434207,,0.270039761,-0.768350645,,0.072921472,0.590362713,,,,,-0.207485224,,,,
-0.118669182,-2.524659578,,-0.629800571,-0.508668153,,0.39664876,0.25874329,,,,,0.320359493,,,,
0.40967894,-2.729285175,,-0.101452449,-0.71329375,,0.010292599,0.508787974,,,,,0.072365398,,,,
0.926884669,-2.19264563,,0.41575328,-0.176654205,,0.17285079,0.031206708,,,,,-0.073444565,,,,
0.415410187,-3.371586645,,-0.095721202,-1.35559522,,0.009162549,1.8376384,,,,,0.129759204,,,,
2.474688419,-0.586959843,,1.96355703,1.429031582,,3.855556209,2.042131263,,,,,2.805985009,,,,
-1.27028446,-2.669871538,,-1.781415849,-0.653880113,,3.173442428,0.427559202,,,,,1.164832397,,,,
2.01772871,-0.772449609,,1.506597321,1.243541816,,2.269835487,1.546396248,,,,,1.873516768,,,,
-0.222255811,-1.902871291,,-0.7333872,0.113120134,,0.537856786,0.012796165,,,,,-0.082960858,,,,
0.205492703,-3.140651705,,-0.305638686,-1.12466028,,0.093415007,1.264860745,,,,,0.343739691,,,,
-0.16503294,-2.249507956,,-0.676164329,-0.233516531,,0.4571982,0.05452997,,,,,0.157895548,,,,
0.092070489,-2.675704049,,-0.4190609,-0.659712624,,0.175612038,0.435220746,,,,,0.276459766,,,,
-0.115576927,-2.169106149,,-0.626708316,-0.153114724,,0.392763314,0.023444119,,,,,0.095958271,,,,
0.795926301,-1.027578673,,0.284794912,0.988412752,,0.081108142,0.976959769,,,,,0.281494922,,,,
1.255619726,-0.372351531,,0.744488337,1.643639894,,0.554262883,2.701552102,,,,,1.223670731,,,,
-1.141984566,-3.291884128,,-1.653115955,-1.275892703,,2.732792362,1.627902189,,,,,2.109198584,,,,
2.46659362,-1.920623714,,1.955462231,0.095367711,,3.823832535,0.009095,,,,,0.186487957,,,,
0.695391024,-0.340455288,,0.184259635,1.675536137,,0.033951613,2.807421347,,,,,0.308733676,,,,
-0.140663984,-2.942490598,,-0.651795373,-0.926499173,,0.424837209,0.858400717,,,,,0.603887874,,,,
-0.843983367,-2.606222786,,-1.355114756,-0.590231361,,1.836336003,0.348373059,,,,,0.799831227,,,,
0.89793772,-1.55487265,,0.386806331,0.461118775,,0.149619137,0.212630525,,,,,0.178363661,,,,
2.046181224,-0.563932319,,1.535049835,1.452059106,,2.356377995,2.108475648,,,,,2.228983091,,,,
0.347006381,-1.135092745,,-0.164125008,0.88089868,,0.026937018,0.775982485,,,,,-0.144577503,,,,
2.518632455,-0.099584705,,2.007501066,1.91640672,,4.030060529,3.672614717,,,,,3.847188533,,,,
0.266914902,-0.884404867,,-0.244216487,1.131586558,,0.059641693,1.280488139,,,,,-0.276352094,,,,
-0.302305044,-1.458193257,,-0.813436433,0.557798168,,0.661678831,0.311138796,,,,,-0.453733352,,,,
-0.21823923,-2.167332775,,-0.729370619,-0.15134135,,0.5319815,0.022904204,,,,,0.110383934,,,,
1.16971446,-1.977356874,,0.658583071,0.038634551,,0.433731661,0.001492629,,,,,0.025444061,,,,
0.6898811,-2.606454922,,0.178749711,-0.590463497,,0.031951459,0.348647141,,,,,-0.105545179,,,,
2.042551406,-1.771698702,,1.531420017,0.244292723,,2.345247267,0.059678935,,,,,0.374114766,,,,
0.752787469,-1.193756413,,0.24165608,0.822235012,,0.058397661,0.676070415,,,,,0.19869809,,,,
0.576962961,-3.272147856,,0.065831572,-1.256156431,,0.004333796,1.577928979,,,,,-0.082694752,,,,
2.575632164,-1.601138544,,2.064500775,0.414852881,,4.262163448,0.172102913,,,,,0.856464094,,,,
0.479127646,-1.08600516,,-0.032003743,0.929986265,,0.00102424,0.864874453,,,,,-0.029763042,,,,
0.61960698,-3.14722624,,0.108475591,-1.131234815,,0.011766954,1.279692206,,,,,-0.122711365,,,,
0.441612602,-2.625790011,,-0.069518787,-0.609798586,,0.004832862,0.371854315,,,,,0.042392458,,,,
0.189668769,-1.681965731,,-0.32146262,0.334025694,,0.103338216,0.111573164,,,,,-0.107376775,,,,
-1.123511563,-2.419742643,,-1.634642952,-0.403751218,,2.672057582,0.163015046,,,,,0.659989083,,,,
0.081426387,-2.442101501,,-0.429705002,-0.426110076,,0.184646389,0.181569797,,,,,0.183101631,,,,
0.380077101,-2.751782293,,-0.131054288,-0.735790868,,0.017175226,0.541388201,,,,,0.096428549,,,,
0.530209887,-2.579534296,,0.019078498,-0.563542871,,0.000363989,0.317580567,,,,,-0.010751551,,,,
-0.692517341,-3.016839017,,-1.20364873,-1.000847592,,1.448770266,1.001695902,,,,,1.204668933,,,,
0.370255815,-2.572851959,,-0.140875574,-0.556860534,,0.019845927,0.310093654,,,,,0.078448048,,,,
0.946977081,-2.056884066,,0.435845692,-0.040892641,,0.189961467,0.001672208,,,,,-0.017822881,,,,
-0.056946228,-2.286509032,,-0.568077617,-0.270517607,,0.322712179,0.073179776,,,,,0.153674998,,,,
-0.336218721,-2.673942904,,-0.84735011,-0.657951479,,0.71800221,0.432900149,,,,,0.557515258,,,,
0.355181542,-2.64032936,,-0.155949847,-0.624337935,,0.024320355,0.389797857,,,,,0.097365406,,,,
1.139205636,-0.440038636,,0.628074247,1.575952789,,0.394477259,2.483627194,,,,,0.989815361,,,,
0.309119513,-0.958096018,,-0.202011876,1.057895407,,0.040808798,1.119142692,,,,,-0.213707436,,,,
0.504346403,-2.354924153,,-0.006784986,-0.338932728,,4.6036E-05,0.114875394,,,,,0.002299654,,,,
-0.361988268,-2.881295878,,-0.873119657,-0.865304453,,0.762337936,0.748751796,,,,,0.755514327,,,,
-0.276741301,-1.882132912,,-0.78787269,0.133858513,,0.620743376,0.017918102,,,,,-0.105463467,,,,
1.036862377,-1.451538408,,0.525730988,0.564453017,,0.276393071,0.318607209,,,,,0.296750442,,,,
0.200331432,-2.436343689,,-0.310799957,-0.420352264,,0.096596613,0.176696026,,,,,0.130645466,,,,
0.608395559,-1.276217587,,0.09726417,0.739773838,,0.009460319,0.547265332,,,,,0.071953488,,,,
1.232338005,-1.581804771,,0.721206616,0.434186654,,0.520138982,0.188518051,,,,,0.313138287,,,,
-0.459997106,-4.193468376,,-0.971128495,-2.177476951,,0.943090554,4.741405872,,,,,2.114609915,,,,
2.416246677,-2.118957658,,1.905115288,-0.102966233,,3.629464259,0.010602045,,,,,-0.196162544,,,,
-1.810173112,-4.549914112,,-2.321304501,-2.533922687,,5.388454588,6.420764183,,,,,5.882006139,,,,
0.410101145,-3.570350148,,-0.101030244,-1.554358723,,0.01020711,2.416031039,,,,,0.157037242,,,,
2.562008636,-1.027046918,,2.050877247,0.988944507,,4.206097481,0.978011238,,,,,2.028203788,,,,
1.401329823,-2.491704054,,0.890198434,-0.475712629,,0.792453251,0.226302505,,,,,-0.423478637,,,,
0.380061994,-1.656534082,,-0.131069395,0.359457343,,0.017179186,0.129209582,,,,,-0.047113857,,,,
0.49737952,-2.890996013,,-0.013751869,-0.875004588,,0.000189114,0.765633029,,,,,0.012032949,,,,
0.275022654,-2.442809219,,-0.236108735,-0.426817794,,0.055747335,0.182173429,,,,,0.10077541,,,,
-0.423457245,-2.162814123,,-0.934588634,-0.146822698,,0.873455915,0.021556905,,,,,0.137218825,,,,
1.582861912,-0.514145492,,1.071730523,1.501845933,,1.148606313,2.255541207,,,,,1.609574127,,,,
-0.086501412,-1.390578153,,-0.597632801,0.625413272,,0.357164965,0.391141761,,,,,-0.373767486,,,,
0.740365312,-3.030491814,,0.229233923,-1.014500389,,0.052548191,1.029211039,,,,,-0.232557904,,,,
0.493219623,-2.117043877,,-0.017911766,-0.101052452,,0.000320831,0.010211598,,,,,0.001810028,,,,
0.477500681,-2.056069613,,-0.033630708,-0.040078188,,0.001131025,0.001606261,,,,,0.001347858,,,,
1.816593774,-0.780687327,,1.305462385,1.235304098,,1.704232038,1.525976215,,,,,1.612643034,,,,
1.001294066,-1.269250301,,0.490162677,0.746741124,,0.24025945,0.557622306,,,,,0.366024628,,,,
0.939660952,-1.208706902,,0.428529563,0.807284523,,0.183637586,0.651708301,,,,,0.345945284,,,,
1.322571751,-1.273014453,,0.811440362,0.742976972,,0.658435461,0.552014781,,,,,0.602881503,,,,
-0.694162128,-2.832505764,,-1.205293517,-0.816514339,,1.452732463,0.666695666,,,,,0.984139439,,,,
1.474936869,-2.050164776,,0.96380548,-0.034173351,,0.928921003,0.001167818,,,,,-0.032936463,,,,
-0.579274749,-2.124722714,,-1.090406138,-0.108731289,,1.188985547,0.011822493,,,,,0.118561265,,,,
-0.314292307,-3.46659319,,-0.825423696,-1.450601765,,0.681324279,2.10424548,,,,,1.197361071,,,,
1.0633611,-1.46268828,,0.552229711,0.553303145,,0.304957653,0.30614437,,,,,0.305550436,,,,
0.106874435,-3.768802004,,-0.404256954,-1.752810579,,0.163423685,3.072344925,,,,,0.708585866,,,,
-0.563895239,-2.784282429,,-1.075026628,-0.768291004,,1.155682252,0.590271067,,,,,0.825933287,,,,
1.042030704,-2.056559018,,0.530899315,-0.040567593,,0.281854082,0.00164573,,,,,-0.021537307,,,,
1.379346924,-2.389980729,,0.868215535,-0.373989304,,0.753798215,0.139867999,,,,,-0.324703323,,,,
0.65256206,-2.497058458,,0.141430671,-0.481067033,,0.020002635,0.23142549,,,,,-0.068037633,,,,
1.803094879,-1.164579045,,1.29196349,0.85141238,,1.669169659,0.724903041,,,,,1.09999371,,,,
1.408842251,-1.531391057,,0.897710862,0.484600368,,0.805884791,0.234837517,,,,,0.435031014,,,,
0.782151602,-1.853077573,,0.271020213,0.162913852,,0.073451956,0.026540923,,,,,0.044152947,,,,
1.092712957,-1.195322272,,0.581581568,0.820669153,,0.33823712,0.673497859,,,,,0.477286053,,,,
0.678753123,-2.230061628,,0.167621734,-0.214070203,,0.028097046,0.045826052,,,,,-0.035882819,,,,
0.807226117,-1.278715077,,0.296094728,0.737276348,,0.087672088,0.543576414,,,,,0.218303639,,,,
-0.511158007,-1.983040474,,-1.022289396,0.032950951,,1.04507561,0.001085765,,,,,-0.033685408,,,,
0.438467239,-2.701947988,,-0.07266415,-0.685956563,,0.005280079,0.470536406,,,,,0.049844451,,,,
1.157614316,-1.402091769,,0.646482927,0.613899656,,0.417940174,0.376872788,,,,,0.396875646,,,,
0.425634391,-2.264384112,,-0.085496998,-0.248392687,,0.007309737,0.061698927,,,,,0.021236829,,,,
-1.027133618,-2.813162561,,-1.538265007,-0.797171136,,2.366259233,0.63548182,,,,,1.226260463,,,,
-0.847424374,-3.114407259,,-1.358555763,-1.098415834,,1.845673762,1.206517344,,,,,1.492259162,,,,
-0.107928726,-2.03790774,,-0.619060115,-0.021916315,,0.383235426,0.000480325,,,,,0.013567516,,,,
-0.331120262,-3.134088031,,-0.842251651,-1.118096606,,0.709387844,1.25014002,,,,,0.941718713,,,,
0.885857142,-3.470654262,,0.374725753,-1.454662837,,0.14041939,2.116043969,,,,,-0.545099626,,,,
0.635878489,-1.313874306,,0.1247471,0.702117119,,0.015561839,0.492968449,,,,,0.087587074,,,,
1.470003821,-2.305252399,,0.958872432,-0.289260974,,0.91943634,0.083671911,,,,,-0.277364373,,,,
-0.243391579,-2.344596868,,-0.754522968,-0.328605443,,0.56930491,0.107981537,,,,,0.247940354,,,,
0.055777188,-2.41061663,,-0.455354201,-0.394625205,,0.207347449,0.155729052,,,,,0.179694245,,,,
2.137539756,-0.621070292,,1.626408367,1.394921133,,2.645204175,1.945804968,,,,,2.268711402,,,,
2.135531508,-0.897983293,,1.624400119,1.118008132,,2.638675745,1.249942184,,,,,1.816092542,,,,
-0.649512467,-1.233938421,,-1.160643856,0.782053004,,1.347094161,0.611606901,,,,,-0.907685015,,,,
-1.023812241,-2.702760661,,-1.53494363,-0.686769236,,2.356051948,0.471651983,,,,,1.054152064,,,,
-0.768119315,-2.674885848,,-1.279250704,-0.658894423,,1.636482365,0.43414186,,,,,0.842891155,,,,
0.367268992,-1.141820484,,-0.143862397,0.874170941,,0.020696389,0.764174834,,,,,-0.125760327,,,,
0.820791182,-1.534628365,,0.309659793,0.48136306,,0.095889187,0.231710396,,,,,0.149058785,,,,
-0.556434634,-2.080449089,,-1.067566023,-0.064457664,,1.139697214,0.00415479,,,,,0.068812812,,,,
2.16275825,-0.846132519,,1.651626861,1.169858906,,2.727871287,1.36856986,,,,,1.932170393,,,,
0.262565601,-1.700930695,,-0.248565788,0.31506073,,0.061784951,0.099263264,,,,,-0.078313319,,,,
0.104491818,-1.545692493,,-0.406639571,0.470298932,,0.165355741,0.221181086,,,,,-0.191242156,,,,
0.057853842,-2.396410283,,-0.453277547,-0.380418858,,0.205460535,0.144718507,,,,,0.172435327,,,,
1.181565963,-3.216973907,,0.670434574,-1.200982482,,0.449482518,1.442358922,,,,,-0.805180178,,,,
0.147483863,-2.530770493,,-0.363647526,-0.514779068,,0.132239523,0.264997489,,,,,0.187198135,,,,
-0.467468948,-1.7770812,,-0.978600337,0.238910225,,0.95765862,0.057078096,,,,,-0.233797627,,,,
1.403529747,-1.674377167,,0.892398358,0.341614258,,0.796374829,0.116700301,,,,,0.304856003,,,,
0.909733979,-2.001260396,,0.39860259,0.014731029,,0.158884024,0.000217003,,,,,0.005871826,,,,
0.221102553,-2.786954962,,-0.290028836,-0.770963537,,0.084116726,0.594384775,,,,,0.223601657,,,,
0.879068345,-0.689826203,,0.367936956,1.326165222,,0.135377603,1.758714196,,,,,0.487945195,,,,
1.442119174,-1.110995528,,0.930987785,0.904995897,,0.866738255,0.819017574,,,,,0.842540125,,,,
0.211039297,-1.082554948,,-0.300092092,0.933436477,,0.090055264,0.871303657,,,,,-0.280116906,,,,
0.544254566,-2.957357103,,0.033123177,-0.941365678,,0.001097145,0.886169339,,,,,-0.031181022,,,,
0.114234454,-2.173646447,,-0.396896935,-0.157655022,,0.157527177,0.024855106,,,,,0.062572795,,,,
1.776476086,-0.625691623,,1.265344697,1.390299802,,1.601097201,1.93293354,,,,,1.759208481,,,,
-0.180728178,-3.340116151,,-0.691859567,-1.324124726,,0.478669661,1.75330629,,,,,0.91610836,,,,
-1.341896008,-3.602757764,,-1.853027397,-1.586766339,,3.433710535,2.517827414,,,,,2.940321499,,,,
-1.513719198,-3.826575172,,-2.024850587,-1.810583747,,4.100019901,3.278213504,,,,,3.666161563,,,,
0.045798214,-1.244241296,,-0.465333175,0.771750129,,0.216534964,0.595598262,,,,,-0.359120938,,,,
1.567081062,0.030478033,,1.055949673,2.046469458,,1.115029711,4.188037243,,,,,2.160968754,,,,
-0.045002186,-2.271059408,,-0.556133575,-0.255067983,,0.309284554,0.065059676,,,,,0.141851869,,,,
1.617239374,-1.198648981,,1.106107985,0.817342444,,1.223474874,0.668048671,,,,,0.904069004,,,,
0.791803629,-2.174454561,,0.28067224,-0.158463136,,0.078776906,0.025110565,,,,,-0.044476203,,,,
0.317843134,-2.380760427,,-0.193288255,-0.364769002,,0.03736035,0.133056425,,,,,0.070505564,,,,
1.345575159,-0.936749866,,0.83444377,1.079241559,,0.696296405,1.164762343,,,,,0.900566395,,,,
2.363937081,-0.647306832,,1.852805692,1.368684593,,3.432888931,1.873297515,,,,,2.535906604,,,,
1.768487433,0.111660921,,1.257356044,2.127652346,,1.58094422,4.526904506,,,,,2.675216536,,,,
0.152221952,-2.29372601,,-0.358909437,-0.277734585,,0.128815984,0.0771365,,,,,0.099681564,,,,
1.14523345,-1.678258227,,0.634102061,0.337733198,,0.402085423,0.114063713,,,,,0.214157317,,,,
-0.852207718,-2.257546122,,-1.363339107,-0.241554697,,1.858693522,0.058348672,,,,,0.329320965,,,,
2.258926139,-0.77738879,,1.74779475,1.238602635,,3.054786487,1.534136488,,,,,2.164823183,,,,
2.708781247,-1.960198082,,2.197649858,0.055793343,,4.829664897,0.003112897,,,,,0.122614233,,,,
2.590452895,0.521519874,,2.079321506,2.537511299,,4.323577924,6.438963593,,,,,5.276301815,,,,
0.301060038,-1.752151522,,-0.210071351,0.263839903,,0.044129973,0.069611494,,,,,-0.055425205,,,,
2.00607285,-0.313934231,,1.494941461,1.702057194,,2.234849971,2.896998692,,,,,2.544475868,,,,
2.612542576,0.796788878,,2.101411187,2.812780303,,4.415928975,7.911733034,,,,,5.910807995,,,,
0.603123141,-1.077893428,,0.091991752,0.938097997,,0.008462482,0.880027852,,,,,0.086297278,,,,
1.444355361,-2.196481922,,0.933223972,-0.180490497,,0.870906981,0.032576819,,,,,-0.168438058,,,,
0.553423594,-4.191100044,,0.042292205,-2.175108619,,0.001788631,4.731097504,,,,,-0.091990139,,,,
-0.399355212,-2.60954625,,-0.910486601,-0.593554825,,0.828985851,0.35230733,,,,,0.540423715,,,,
2.321127184,-0.060416536,,1.809995795,1.955574889,,3.276084777,3.824273147,,,,,3.539582325,,,,
0.731040396,-2.807598174,,0.219909007,-0.791606749,,0.048359971,0.626641245,,,,,-0.174081454,,,,
0.824017643,-1.88674194,,0.312886254,0.129249485,,0.097897808,0.016705429,,,,,0.040440387,,,,
1.290200211,-2.491607126,,0.779068822,-0.475615701,,0.606948229,0.226210295,,,,,-0.370537364,,,,
0.52716973,-1.848123872,,0.016038341,0.167867553,,0.000257228,0.028179515,,,,,0.002692317,,,,
1.178237916,-2.230076026,,0.667106527,-0.214084601,,0.445031118,0.045832216,,,,,-0.142817234,,,,
0.770453339,-0.820376418,,0.25932195,1.195615007,,0.067247874,1.429495245,,,,,0.310049215,,,,
-1.289785256,-3.870573441,,-1.800916645,-1.854582016,,3.243300764,3.439474454,,,,,3.339947623,,,,
-1.523795949,-2.910109726,,-2.034927338,-0.894118301,,4.140929272,0.799447536,,,,,1.819465774,,,,
0.220601668,-2.193822362,,-0.290529721,-0.177830937,,0.084407519,0.031623842,,,,,0.051665173,,,,
0.384781468,-2.3296358,,-0.126349921,-0.313644375,,0.015964303,0.098372794,,,,,0.039628942,,,,
0.967172608,-0.996168985,,0.456041219,1.01982244,,0.207973593,1.040037809,,,,,0.465081068,,,,
1.769150519,-0.670098511,,1.25801913,1.345892914,,1.582612131,1.811427736,,,,,1.693159032,,,,
1.072716221,-1.553690664,,0.561584832,0.462300761,,0.315377523,0.213721994,,,,,0.259621095,,,,
2.557164577,-1.085093568,,2.046033188,0.930897857,,4.186251805,0.86657082,,,,,1.90464791,,,,
1.754822745,-1.360590872,,1.243691356,0.655400553,,1.546768188,0.429549885,,,,,0.815116002,,,,
1.465016646,-1.477653985,,0.953885257,0.53833744,,0.909897083,0.289807199,,,,,0.513512147,,,,
-0.338570115,-3.027927891,,-0.849701504,-1.011936466,,0.721992647,1.024015411,,,,,0.859843937,,,,
0.209339486,-1.801464181,,-0.301791903,0.214527244,,0.091078353,0.046021938,,,,,-0.064742585,,,,
-1.56176203,-4.440570932,,-2.072893419,-2.424579507,,4.296887128,5.878585785,,,,,5.025894904,,,,
-1.253813106,-3.429775932,,-1.764944495,-1.413784507,,3.115029072,1.998786632,,,,,2.495251183,,,,
0.786019609,-1.106124225,,0.27488822,0.9098672,,0.075563533,0.827858322,,,,,0.250111775,,,,
2.34572775,-0.1868258,,1.834596361,1.829165625,,3.365743806,3.345846884,,,,,3.355780599,,,,
0.846228833,-2.478174422,,0.335097444,-0.462182997,,0.112290297,0.213613123,,,,,-0.154876341,,,,
0.750890558,-2.212588503,,0.239759169,-0.196597078,,0.057484459,0.038650411,,,,,-0.047135952,,,,
-0.164943333,-2.334062381,,-0.676074722,-0.318070956,,0.45707703,0.101169133,,,,,0.215039733,,,,
0.615505268,-1.831034403,,0.104373879,0.184957022,,0.010893907,0.0342091,,,,,0.019304682,,,,
0.766722702,-2.49119371,,0.255591313,-0.475202285,,0.065326919,0.225817212,,,,,-0.121457576,,,,
2.113958439,-0.238396357,,1.60282705,1.777595068,,2.569054551,3.159844226,,,,,2.849177459,,,,
2.198381694,-0.09181913,,1.687250305,1.924172295,,2.846813591,3.702439021,,,,,3.246560291,,,,
0.90206147,-1.298126276,,0.390930081,0.717865149,,0.152826328,0.515330372,,,,,0.280635081,,,,
0.536183874,-1.855496258,,0.025052485,0.160495167,,0.000627627,0.025758699,,,,,0.004020803,,,,
-1.6032042,-5.21419411,,-2.114335589,-3.198202685,,4.470414984,10.22850041,,,,,6.762073759,,,,
0.079608056,-1.491232492,,-0.431523333,0.524758933,,0.186212387,0.275371938,,,,,-0.226445724,,,,
-0.895749005,-1.749051484,,-1.406880394,0.266939941,,1.979312444,0.071256932,,,,,-0.37555257,,,,
0.529845477,-1.259305222,,0.018714088,0.756686203,,0.000350217,0.57257401,,,,,0.014160692,,,,
1.546158658,-2.355178007,,1.035027269,-0.339186582,,1.071281447,0.115047537,,,,,-0.351067361,,,,
2.245999402,-1.062951167,,1.734868013,0.953040258,,3.009767021,0.908285734,,,,,1.653399059,,,,
-0.330582686,-2.717464088,,-0.841714075,-0.701472663,,0.708482585,0.492063897,,,,,0.590439414,,,,
0.23759854,-3.196507266,,-0.273532849,-1.180515841,,0.07482022,1.393617651,,,,,0.322909862,,,,
1.573755347,0.246285745,,1.062623958,2.26227717,,1.129169675,5.117897994,,,,,2.40394992,,,,
0.185300145,-3.117702679,,-0.325831244,-1.101711254,,0.106166,1.213767687,,,,,0.358971949,,,,
0.763832435,-2.927169993,,0.252701046,-0.911178568,,0.063857818,0.830246383,,,,,-0.230255777,,,,
0.125202867,-2.465094237,,-0.385928522,-0.449102812,,0.148940824,0.201693336,,,,,0.173321585,,,,
1.123439507,-1.112924673,,0.612308118,0.903066752,,0.374921231,0.815529559,,,,,0.552955103,,,,
1.606052229,-0.362189715,,1.09492084,1.65380171,,1.198851645,2.735060096,,,,,1.810781957,,,,
0.177815883,-3.908310411,,-0.333315506,-1.892318986,,0.111099227,3.580871144,,,,,0.630739261,,,,
-0.121389355,-2.771415453,,-0.632520744,-0.755424028,,0.400082492,0.570665462,,,,,0.477821368,,,,
0.731997305,-1.658785969,,0.220865916,0.357205456,,0.048781753,0.127595738,,,,,0.07889451,,,,
-0.45183477,-4.320275789,,-0.962966159,-2.304284364,,0.927303824,5.30972643,,,,,2.218947864,,,,
1.995693877,-2.068712339,,1.484562488,-0.052720914,,2.20392578,0.002779495,,,,,-0.078267491,,,,
-1.369955282,-3.424102134,,-1.881086671,-1.408110709,,3.538487065,1.982775768,,,,,2.648778286,,,,
-1.415776795,-3.999032172,,-1.926908184,-1.983040747,,3.712975151,3.932450604,,,,,3.821137445,,,,
-0.011492449,-2.040332848,,-0.522623838,-0.024341423,,0.273135676,0.000592505,,,,,0.012721408,,,,
0.864241132,-2.228028673,,0.353109743,-0.212037248,,0.12468649,0.044959794,,,,,-0.074872418,,,,
0.440822372,-1.900139895,,-0.070309017,0.11585153,,0.004943358,0.013421577,,,,,-0.008145407,,,,
0.658717205,-1.579387972,,0.147585816,0.436603453,,0.021781573,0.190622575,,,,,0.064436477,,,,
1.276190935,-0.996035737,,0.765059546,1.019955688,,0.585316108,1.040309606,,,,,0.780326835,,,,
-0.329138743,-2.211208727,,-0.840270132,-0.195217302,,0.706053895,0.038109795,,,,,0.164035268,,,,
1.355654674,-2.153109882,,0.844523285,-0.137118457,,0.713219578,0.018801471,,,,,-0.11579973,,,,
1.656476571,-0.831835943,,1.145345182,1.184155482,,1.311815585,1.402224206,,,,,1.356266776,,,,
0.23181335,-1.964593966,,-0.279318039,0.051397459,,0.078018567,0.002641699,,,,,-0.014356238,,,,
0.936299301,-1.526580322,,0.425167912,0.489411103,,0.180767753,0.239523228,,,,,0.208081897,,,,
-0.267477781,-2.549215597,,-0.77860917,-0.533224172,,0.60623224,0.284328017,,,,,0.41517323,,,,
0.90631929,-2.904173354,,0.395187901,-0.888181929,,0.156173477,0.788867139,,,,,-0.350998752,,,,
1.987640472,-1.151450198,,1.476509083,0.864541227,,2.180079071,0.747431533,,,,,1.276502974,,,,
1.30290687,-1.035950471,,0.791775481,0.980040954,,0.626908412,0.960480272,,,,,0.775972398,,,,
0.67636592,-1.958710347,,0.165234531,0.057281078,,0.02730245,0.003281122,,,,,0.009464812,,,,
0.277553361,-1.787417307,,-0.233578028,0.228574118,,0.054558695,0.052246127,,,,,-0.053389892,,,,
0.023844628,-3.276685534,,-0.487286761,-1.260694109,,0.237448388,1.589349636,,,,,0.614319549,,,,
0.37522675,-2.142627496,,-0.135904639,-0.126636071,,0.018470071,0.016036694,,,,,0.01721043,,,,
-0.498900059,-2.201071799,,-1.010031448,-0.185080374,,1.020163527,0.034254745,,,,,0.186936998,,,,
3.037247622,0.095663899,,2.526116233,2.111655324,,6.381263221,4.459088208,,,,,5.334286792,,,,
1.308200901,-1.933403989,,0.797069512,0.082587436,,0.635319806,0.006820685,,,,,0.065827927,,,,
-1.172038046,-4.035128288,,-1.683169435,-2.019136863,,2.833059348,4.076913671,,,,,3.398549453,,,,
1.29049459,-1.619945675,,0.779363201,0.39604575,,0.607406999,0.156852236,,,,,0.308663483,,,,
0.602576171,-1.658858183,,0.091444782,0.357133242,,0.008362148,0.127544153,,,,,0.032657971,,,,
0.077367563,-0.926239711,,-0.433763826,1.089751714,,0.188151057,1.187558798,,,,,-0.472694873,,,,
0.595589918,-2.657819024,,0.084458529,-0.641827599,,0.007133243,0.411942667,,,,,-0.054207815,,,,
0.3234193,-2.511920799,,-0.187712089,-0.495929374,,0.035235828,0.245945944,,,,,0.093091939,,,,
0.100435355,-2.332437206,,-0.410696034,-0.316445781,,0.168671233,0.100137932,,,,,0.129963027,,,,
0.427330204,0.42110185,,-0.083801185,2.437093275,,0.007022639,5.939423632,,,,,-0.204231305,,,,
0.514541077,-1.835975728,,0.003409688,0.180015697,,1.1626E-05,0.032405651,,,,,0.000613797,,,,
0.013858541,-2.723372045,,-0.497272848,-0.70738062,,0.247280286,0.500387341,,,,,0.351761176,,,,
1.728119701,-2.094586615,,1.216988312,-0.07859519,,1.481060551,0.006177204,,,,,-0.095649427,,,,
0.095220802,-3.438318295,,-0.415910587,-1.42232687,,0.172981617,2.023013725,,,,,0.591560804,,,,
-1.070571988,-3.52787637,,-1.581703377,-1.511884945,,2.501785574,2.285796087,,,,,2.391353523,,,,
0.494666234,-1.569439109,,-0.016465155,0.446552316,,0.000271101,0.199408971,,,,,-0.007352553,,,,
0.714518778,-0.760814049,,0.203387389,1.255177376,,0.04136643,1.575470246,,,,,0.255287249,,,,
1.764672629,-1.056346206,,1.25354124,0.959645219,,1.571365639,0.920918947,,,,,1.202954858,,,,
-0.2157668,-1.922232767,,-0.726898189,0.093758658,,0.528380978,0.008790686,,,,,-0.068152999,,,,
0.391032443,-2.458457907,,-0.120098946,-0.442466482,,0.014423757,0.195776588,,,,,0.053139758,,,,
0.433698738,-1.982808969,,-0.077432651,0.033182456,,0.005995815,0.001101075,,,,,-0.002569406,,,,
-0.591181146,-1.726031379,,-1.102312535,0.289960046,,1.215092926,0.084076828,,,,,-0.319626594,,,,
1.533512065,-2.429909729,,1.022380676,-0.413918304,,1.045262246,0.171328362,,,,,-0.423182075,,,,
-0.45278856,-2.280204614,,-0.963919949,-0.264213189,,0.929141669,0.069808609,,,,,0.254680364,,,,
0.088900207,-1.87132799,,-0.422231182,0.144663435,,0.178279171,0.020927509,,,,,-0.061081413,,,,
1.353944422,-1.825052005,,0.842813033,0.19093942,,0.710333808,0.036457862,,,,,0.160926232,,,,
-0.061602836,-1.542376848,,-0.572734225,0.473614577,,0.328024493,0.224310768,,,,,-0.271255278,,,,
0.778452334,-2.074826544,,0.267320945,-0.058835119,,0.071460487,0.003461571,,,,,-0.01572786,,,,
-0.480145972,-2.622062345,,-0.991277361,-0.60607092,,0.982630807,0.36732196,,,,,0.600784382,,,,
0.004117865,-2.819518831,,-0.507013524,-0.803527406,,0.257062714,0.645656292,,,,,0.407399262,,,,
0.59146331,-0.961597646,,0.080331921,1.054393779,,0.006453217,1.111746241,,,,,0.084701477,,,,
-0.066490551,-1.197091416,,-0.57762194,0.818900009,,0.333647106,0.670597225,,,,,-0.473014612,,,,
-0.203089645,-3.552684805,,-0.714221034,-1.53669338,,0.510111686,2.361426544,,,,,1.097538735,,,,
2.290975785,0.544996211,,1.779844396,2.560987636,,3.167846073,6.558657672,,,,,4.558159491,,,,
-0.378741352,-2.686617489,,-0.889872741,-0.670626064,,0.791873496,0.449739318,,,,,0.596771854,,,,
0.63331187,-2.504143028,,0.122180481,-0.488151603,,0.01492807,0.238291987,,,,,-0.059642597,,,,
0.512166754,-2.609528279,,0.001035365,-0.593536854,,1.07198E-06,0.352285997,,,,,-0.000614527,,,,
1.123212881,-0.745167583,,0.612081492,1.270823842,,0.374643752,1.614993238,,,,,0.777847753,,,,
-0.676555303,-2.575277665,,-1.187686692,-0.55928624,,1.410599679,0.312801098,,,,,0.664256824,,,,
-0.284647016,-2.321520624,,-0.795778405,-0.305529199,,0.63326327,0.093348091,,,,,0.243133539,,,,
-0.302729197,-2.846124568,,-0.813860586,-0.830133143,,0.662369054,0.689121035,,,,,0.675612646,,,,
-0.514397377,-2.538461788,,-1.025528766,-0.522470363,,1.051709251,0.27297528,,,,,0.535808387,,,,
0.319799702,-1.773235684,,-0.191331687,0.242755741,,0.036607815,0.05893035,,,,,-0.046446866,,,,
1.407906424,-1.929860733,,0.896775035,0.086130692,,0.804205463,0.007418496,,,,,0.077239854,,,,
-0.850219596,-2.738149882,,-1.361350985,-0.722158457,,1.853276505,0.521512837,,,,,0.983111127,,,,
1.963030091,-1.629380132,,1.451898702,0.386611293,,2.10800984,0.149468292,,,,,0.561320435,,,,
1.837172416,-1.309730196,,1.326041027,0.706261229,,1.758384804,0.498804924,,,,,0.936531365,,,,
1.939322417,-0.608953292,,1.428191028,1.407038133,,2.039729611,1.979756308,,,,,2.009519237,,,,
0.153055579,-1.792168105,,-0.35807581,0.22382332,,0.128218286,0.050096879,,,,,-0.080145717,,,,
1.897516271,0.901140154,,1.386384882,2.917131579,,1.92206304,8.50965665,,,,,4.044267119,,,,
-1.135596297,-2.520369661,,-1.646727686,-0.504378236,,2.711712073,0.254397405,,,,,0.830573605,,,,
-0.46026151,-1.968996475,,-0.971392899,0.04699495,,0.943604165,0.002208525,,,,,-0.045650561,,,,
1.724990839,-0.486992049,,1.21385945,1.528999376,,1.473454763,2.337839092,,,,,1.855990341,,,,
0.903873418,-1.928060869,,0.392742029,0.087930556,,0.154246301,0.007731783,,,,,0.034534025,,,,
0.434148988,-2.464368097,,-0.076982401,-0.448376672,,0.00592629,0.20104164,,,,,0.034517113,,,,
-0.231958184,-3.030932648,,-0.743089573,-1.014941223,,0.552182114,1.030105686,,,,,0.75419224,,,,
0.612195376,-0.884996084,,0.101063987,1.130995341,,0.010213929,1.279150462,,,,,0.114302898,,,,
2.099254146,-1.331112247,,1.588122757,0.684879178,,2.52213389,0.469059489,,,,,1.087672208,,,,
-0.422524162,-3.432985355,,-0.933655551,-1.41699393,,0.871712689,2.007871797,,,,,1.322984249,,,,
1.648927636,-1.491331219,,1.137796247,0.524660206,,1.294580299,0.275268332,,,,,0.596956413,,,,
2.318223116,-1.664871681,,1.807091727,0.351119744,,3.265580508,0.123285075,,,,,0.634505585,,,,
0.931360667,-2.96954244,,0.420229278,-0.953551015,,0.176592646,0.909259538,,,,,-0.400710054,,,,
0.189147628,-2.393801171,,-0.321983761,-0.377809746,,0.103673543,0.142740204,,,,,0.121648603,,,,
0.778381984,-2.598696917,,0.267250595,-0.582705492,,0.07142288,0.33954569,,,,,-0.155728389,,,,
0.226564112,-1.931721679,,-0.284567277,0.084269746,,0.080978535,0.00710139,,,,,-0.023980412,,,,
2.331684787,-0.930207273,,1.820553398,1.085784152,,3.314414674,1.178927225,,,,,1.976728027,,,,
1.973505123,-0.322021002,,1.462373734,1.693970423,,2.138536937,2.869535794,,,,,2.477217852,,,,
0.911693656,-0.311376997,,0.400562267,1.704614428,,0.160450129,2.905710349,,,,,0.682804219,,,,
0.273848454,-1.42141364,,-0.237282935,0.594577785,,0.056303191,0.353522743,,,,,-0.141083162,,,,
-0.078919835,-1.777511769,,-0.590051224,0.238479656,,0.348160447,0.056872546,,,,,-0.140715213,,,,
0.628922019,-0.277799741,,0.11779063,1.738191684,,0.013874632,3.021310331,,,,,0.204742693,,,,
-0.067398823,-1.716668291,,-0.578530212,0.299323134,,0.334697207,0.089594339,,,,,-0.173167476,,,,
0.618905493,-2.102607123,,0.107774104,-0.086615698,,0.011615257,0.007502279,,,,,-0.009334929,,,,
1.125935416,-1.312792322,,0.614804027,0.703199103,,0.377983991,0.494488979,,,,,0.43232964,,,,
1.298357127,-1.294992055,,0.787225738,0.72099937,,0.619724362,0.519840092,,,,,0.567589261,,,,
0.924692247,-2.546366802,,0.413560858,-0.530375377,,0.171032583,0.28129804,,,,,-0.219342496,,,,
1.21563776,-1.550838381,,0.704506371,0.465153044,,0.496329226,0.216367354,,,,,0.327703283,,,,
-0.95166599,-3.089798687,,-1.462797379,-1.073807262,,2.139776173,1.153062036,,,,,1.570762449,,,,
1.515724777,-1.534358021,,1.004593388,0.481633404,,1.009207874,0.231970736,,,,,0.483845733,,,,
-0.179539729,-2.299642612,,-0.690671118,-0.283651187,,0.477026594,0.080457996,,,,,0.195909682,,,,
1.728902379,-1.399983433,,1.21777099,0.616007992,,1.482966183,0.379465846,,,,,0.750156662,,,,
2.068015961,-1.656464294,,1.556884572,0.359527131,,2.423889569,0.129259758,,,,,0.559742244,,,,
-0.561917823,-1.588188458,,-1.073049212,0.427802967,,1.151434612,0.183015379,,,,,-0.459053637,,,,
-0.451893591,-3.300968106,,-0.96302498,-1.284976681,,0.927417113,1.65116507,,,,,1.237464643,,,,
0.841827667,-2.04581864,,0.330696278,-0.029827215,,0.109360028,0.000889663,,,,,-0.009863749,,,,
0.473995791,-1.552665265,,-0.037135598,0.46332616,,0.001379053,0.214671131,,,,,-0.017205894,,,,
0.535018298,-1.347141781,,0.023886909,0.668849644,,0.000570584,0.447359846,,,,,0.01597675,,,,
0.723603456,-2.393078687,,0.212472067,-0.377087262,,0.045144379,0.142194803,,,,,-0.08012051,,,,
-0.49701308,-1.777817292,,-1.008144469,0.238174133,,1.016355271,0.056726918,,,,,-0.240113935,,,,
0.775620633,-2.455116007,,0.264489244,-0.439124582,,0.06995456,0.192830398,,,,,-0.116143729,,,,
-1.272545817,-2.905897399,,-1.783677206,-0.889905974,,3.181504376,0.791932642,,,,,1.587305001,,,,
1.860123086,-2.188473449,,1.348991697,-0.172482024,,1.819778598,0.029750049,,,,,-0.232676818,,,,
1.936766148,-1.114502521,,1.425634759,0.901488904,,2.032434465,0.812682244,,,,,1.285193916,,,,
1.647754525,-1.275086929,,1.136623136,0.740904496,,1.291912152,0.548939472,,,,,0.842129192,,,,
1.275278295,-0.992789783,,0.764146906,1.023201642,,0.583920493,1.0469416,,,,,0.781876369,,,,
0.607138544,-0.540641231,,0.096007155,1.475350194,,0.009217374,2.176658195,,,,,0.141644174,,,,
0.0093663,-1.813936172,,-0.501765089,0.202055253,,0.251768205,0.040826325,,,,,-0.101384272,,,,
-0.982929982,-3.853935406,,-1.494061371,-1.837943981,,2.232219381,3.378038077,,,,,2.746001105,,,,
0.579405509,-3.110916327,,0.06827412,-1.094924902,,0.004661355,1.198860541,,,,,-0.074755034,,,,
0.991777356,-3.696893252,,0.480645967,-1.680901827,,0.231020545,2.825430952,,,,,-0.807918683,,,,
0.760377273,-2.08740483,,0.249245884,-0.071413405,,0.062123511,0.005099874,,,,,-0.017799497,,,,
1.206466545,-1.09673095,,0.695335156,0.919260475,,0.483490979,0.845039821,,,,,0.639194126,,,,
1.176012762,-1.661246939,,0.664881373,0.354744486,,0.44206724,0.12584365,,,,,0.235863001,,,,
-0.231226153,-2.708101742,,-0.742357542,-0.692110317,,0.551094721,0.479016691,,,,,0.513793314,,,,
1.039748179,-2.303544289,,0.52861679,-0.287552864,,0.27943571,0.08268665,,,,,-0.152005272,,,,
-0.648147199,-2.660151656,,-1.159278588,-0.644160231,,1.343926845,0.414942403,,,,,0.746761163,,,,
0.855177752,-1.421643053,,0.344046363,0.594348372,,0.1183679,0.353249987,,,,,0.204483396,,,,
-3.040356007,-4.572368259,,-3.551487396,-2.556376834,,12.61306273,6.535062517,,,,,9.078940106,,,,
-0.247308,-3.300577802,,-0.758439389,-1.284586377,,0.575230307,1.65016216,,,,,0.974280907,,,,
0.782590206,-1.182677804,,0.271458817,0.833313621,,0.073689889,0.694411591,,,,,0.226210329,,,,
-0.102225082,-3.240621782,,-0.613356471,-1.224630357,,0.376206161,1.499719511,,,,,0.751134954,,,,
-0.467829704,-1.636214434,,-0.978961093,0.379776991,,0.958364822,0.144230563,,,,,-0.371786898,,,,
1.399691277,-1.833625428,,0.888559888,0.182365997,,0.789538674,0.033257357,,,,,0.16204311,,,,
-1.202696113,-2.410512783,,-1.713827502,-0.394521358,,2.937204708,0.155647102,,,,,0.676141553,,,,
-0.102769907,-2.286959643,,-0.613901296,-0.270968218,,0.376874802,0.073423775,,,,,0.16634774,,,,
0.304716134,-1.87092372,,-0.206415255,0.145067705,,0.042607258,0.021044639,,,,,-0.029944187,,,,
0.389694998,-2.106665042,,-0.121436391,-0.090673617,,0.014746797,0.008221705,,,,,0.011011077,,,,
-0.204079148,-2.650721751,,-0.715210537,-0.634730326,,0.511526113,0.402882587,,,,,0.453965817,,,,
-0.02228675,-3.534546735,,-0.533418139,-1.51855531,,0.284534911,2.306010229,,,,,0.810024948,,,,
0.925203232,-2.926683179,,0.414071843,-0.910691754,,0.171455491,0.829359471,,,,,-0.377091813,,,,
0.107576236,-1.70813655,,-0.403555153,0.307854875,,0.162856762,0.094774624,,,,,-0.124236421,,,,
1.049305989,-2.16516682,,0.5381746,-0.149175395,,0.2896319,0.022253298,,,,,-0.080282408,,,,
-0.312105864,-2.896014576,,-0.823237253,-0.880023151,,0.677719575,0.774440746,,,,,0.724467842,,,,
1.224605176,-1.037364492,,0.713473787,0.978626933,,0.509044844,0.957710674,,,,,0.698224664,,,,
0.388362948,-1.935720852,,-0.122768441,0.080270573,,0.01507209,0.006443365,,,,,-0.009854693,,,,
0.086280551,-0.819699389,,-0.424850838,1.196292036,,0.180498235,1.431114636,,,,,-0.508245674,,,,
0.786054645,-2.22741202,,0.274923256,-0.211420595,,0.075582796,0.044698668,,,,,-0.058124438,,,,
1.466504031,-2.033208263,,0.955372642,-0.017216838,,0.912736884,0.00029642,,,,,-0.016448496,,,,
1.151441524,-1.971928319,,0.640310135,0.044063106,,0.409997069,0.001941557,,,,,0.028214053,,,,
0.908804363,-2.711847721,,0.397672974,-0.695856296,,0.158143794,0.484215985,,,,,-0.276723242,,,,
0.09657991,-1.967985751,,-0.414551479,0.048005674,,0.171852929,0.002304545,,,,,-0.019900823,,,,
0.455544053,-1.276596702,,-0.055587336,0.739394723,,0.003089952,0.546704557,,,,,-0.041100983,,,,
2.652113147,-0.421572956,,2.140981758,1.594418469,,4.583802887,2.542170255,,,,,3.413620856,,,,
0.679412903,-1.561473518,,0.168281514,0.454517907,,0.028318668,0.206586528,,,,,0.076486961,,,,
-0.044177809,-3.514886855,,-0.555309198,-1.49889543,,0.308368306,2.24668751,,,,,0.83235042,,,,
1.122073475,-0.145911223,,0.610942086,1.870080202,,0.373250232,3.497199962,,,,,1.142510699,,,,
-0.046450824,-0.825823993,,-0.557582213,1.190167432,,0.310897925,1.416498517,,,,,-0.663616191,,,,
0.247821252,-1.729994146,,-0.263310137,0.285997279,,0.069332228,0.081794444,,,,,-0.075305983,,,,
0.227281074,-2.12172129,,-0.283850315,-0.105729865,,0.080571002,0.011178804,,,,,0.030011455,,,,
-0.104335638,-1.957881662,,-0.615467027,0.058109763,,0.378799662,0.003376745,,,,,-0.035764643,,,,
-0.319311561,-3.873669402,,-0.83044295,-1.857677977,,0.689635494,3.450967466,,,,,1.54269558,,,,
0.888962288,-1.843594625,,0.377830899,0.1723968,,0.142756188,0.029720657,,,,,0.065136838,,,,
1.246266454,-1.053295093,,0.735135065,0.962696332,,0.540423563,0.926784228,,,,,0.70771183,,,,
-0.304525982,-2.604795749,,-0.815657371,-0.588804324,,0.665296947,0.346690532,,,,,0.480262587,,,,
-0.00711221,-2.861194797,,-0.518243599,-0.845203372,,0.268576428,0.71436874,,,,,0.438021238,,,,
1.301762784,-0.472772864,,0.790631395,1.543218561,,0.625098002,2.381523527,,,,,1.220117043,,,,
0.111096976,-0.995345971,,-0.400034413,1.020645454,,0.160027532,1.041717143,,,,,-0.408293305,,,,
1.35400467,-0.019884009,,0.842873281,1.996107416,,0.710435367,3.984444817,,,,,1.682465606,,,,
1.468632589,-1.420753428,,0.9575012,0.595237997,,0.916808547,0.354308273,,,,,0.569941096,,,,
0.156744436,-2.140016717,,-0.354386953,-0.124025292,,0.125590113,0.015382273,,,,,0.043952945,,,,
0.687026566,-0.892223137,,0.175895177,1.123768288,,0.030939113,1.262855165,,,,,0.197665422,,,,
0.324483105,-2.046627161,,-0.186648284,-0.030635736,,0.034837582,0.000938548,,,,,0.005718108,,,,
-0.233759293,-2.302929008,,-0.744890682,-0.286937583,,0.554862129,0.082333176,,,,,0.213737132,,,,
1.034132793,-2.736608223,,0.523001404,-0.720616798,,0.273530468,0.519288569,,,,,-0.376883597,,,,
0.084192853,-1.216973105,,-0.426938536,0.79901832,,0.182276514,0.638430276,,,,,-0.341131712,,,,
-0.593684148,-2.988260684,,-1.104815537,-0.972269259,,1.220617372,0.945307512,,,,,1.074178184,,,,
-0.102394234,-1.585868392,,-0.613525623,0.430123033,,0.376413691,0.185005824,,,,,-0.263891502,,,,
-0.060401367,-2.848156429,,-0.571532756,-0.832165004,,0.326649692,0.692498594,,,,,0.475609558,,,,
0.850495741,-2.036926539,,0.339364352,-0.020935114,,0.115168163,0.000438279,,,,,-0.007104631,,,,
0.976789435,-1.613372212,,0.465658046,0.402619213,,0.216837415,0.162102231,,,,,0.187482876,,,,
0.442778924,-2.287830455,,-0.068352465,-0.27183903,,0.00467206,0.073896458,,,,,0.018580868,,,,
0.684586872,-0.757680185,,0.173455483,1.25831124,,0.030086804,1.583347177,,,,,0.218260983,,,,
0.067960889,-3.328194846,,-0.4431705,-1.312203421,,0.196400092,1.721877818,,,,,0.581529847,,,,
-1.07467349,-3.51625741,,-1.585804879,-1.500265985,,2.514777115,2.250798025,,,,,2.379129119,,,,
0.095299042,-2.119130562,,-0.415832347,-0.103139137,,0.172916541,0.010637682,,,,,0.042888589,,,,
2.339154065,-1.321262266,,1.828022676,0.694729159,,3.341666903,0.482648605,,,,,1.269980656,,,,
0.832630841,-2.473024782,,0.321499452,-0.457033357,,0.103361897,0.208879489,,,,,-0.146935974,,,,
1.486029555,-0.617193522,,0.974898166,1.398797903,,0.950426433,1.956635574,,,,,1.36368551,,,,
0.642763169,-1.656894621,,0.13163178,0.359096804,,0.017326925,0.128950515,,,,,0.047268551,,,,
0.420262572,-2.318246882,,-0.090868817,-0.302255457,,0.008257142,0.091358361,,,,,0.027465596,,,,
-0.029990472,-2.257249032,,-0.541121861,-0.241257607,,0.292812869,0.058205233,,,,,0.130549765,,,,
1.421294444,-0.787774515,,0.910163055,1.22821691,,0.828396786,1.508516778,,,,,1.117877655,,,,
1.495768709,-0.932148819,,0.98463732,1.083842606,,0.969510651,1.174714795,,,,,1.067191879,,,,
-0.142555285,-3.382366362,,-0.653686674,-1.366374937,,0.427306268,1.866980468,,,,,0.893181088,,,,
0.346192775,-2.19011534,,-0.164938614,-0.174123915,,0.027204747,0.030319138,,,,,0.028719757,,,,
1.69688774,-1.123055904,,1.185756351,0.892935521,,1.406018123,0.797333845,,,,,1.058803965,,,,
3.300223031,-0.740135362,,2.789091642,1.275856063,,7.779032185,1.627808694,,,,,3.558479482,,,,
-0.223326429,-1.786090595,,-0.734457818,0.22990083,,0.539428287,0.052854392,,,,,-0.168852462,,,,
0.862020466,-1.354001511,,0.350889077,0.661989914,,0.123123144,0.438230646,,,,,0.23228503,,,,
-0.205292531,-3.132798177,,-0.71642392,-1.116806752,,0.513263234,1.247257321,,,,,0.800107071,,,,
-0.146124177,-1.608343491,,-0.657255566,0.407647934,,0.43198488,0.166176838,,,,,-0.267928874,,,,
0.027297833,-2.497362782,,-0.483833556,-0.481371357,,0.23409491,0.231718383,,,,,0.232903616,,,,
1.061860329,-1.619893183,,0.55072894,0.396098242,,0.303302365,0.156893817,,,,,0.218142765,,,,
1.488064004,-0.718142135,,0.976932615,1.29784929,,0.954397334,1.68441278,,,,,1.2679113,,,,
1.968001161,-1.132839027,,1.456869772,0.883152398,,2.122469532,0.779958158,,,,,1.286638033,,,,
0.881089173,-1.78032282,,0.369957784,0.235668605,,0.136868762,0.055539691,,,,,0.087187435,,,,
1.121896808,-1.021203825,,0.610765419,0.9947876,,0.373034397,0.989602369,,,,,0.607581865,,,,
0.865499009,-2.016868835,,0.35436762,-0.00087741,,0.12557641,7.69848E-07,,,,,-0.000310926,,,,
-0.044987436,-3.876570569,,-0.556118825,-1.860579144,,0.309268148,3.461754751,,,,,1.034703088,,,,
0.208804661,-3.042472524,,-0.302326728,-1.026481099,,0.091401451,1.053663446,,,,,0.310332672,,,,
0.096859146,-2.298038825,,-0.414272243,-0.2820474,,0.171621492,0.079550736,,,,,0.116844409,,,,
1.126450786,-1.182469274,,0.615319397,0.833522151,,0.37861796,0.694759176,,,,,0.512882347,,,,
2.866298971,0.363337181,,2.355167582,2.379328606,,5.546814338,5.661204616,,,,,5.603717599,,,,
-1.517867581,-4.50115672,,-2.02899897,-2.485165295,,4.116836822,6.176046543,,,,,5.042397824,,,,
-0.60020155,-2.777557027,,-1.111332939,-0.761565602,,1.235060902,0.579982166,,,,,0.846352939,,,,
-0.240893609,-2.675057133,,-0.752024998,-0.659065708,,0.565541598,0.434367607,,,,,0.495633888,,,,
2.275436844,-1.723334341,,1.764305455,0.292657084,,3.112773737,0.085648169,,,,,0.51633649,,,,
0.060366659,-2.885434753,,-0.45076473,-0.869443328,,0.203188842,0.7559317,,,,,0.391914387,,,,
-1.800353496,-3.585860294,,-2.311484885,-1.569868869,,5.342962375,2.464488265,,,,,3.628728162,,,,
-0.290086602,-1.975672521,,-0.801217991,0.040318904,,0.64195027,0.001625614,,,,,-0.032304231,,,,
-0.350917514,-3.111164725,,-0.862048903,-1.0951733,,0.743128312,1.199404557,,,,,0.944092942,,,,
0.519741422,-1.816308401,,0.008610033,0.199683024,,7.41327E-05,0.03987331,,,,,0.001719277,,,,
1.5620293,-1.877291012,,1.050897911,0.138700413,,1.104386419,0.019237805,,,,,0.145759974,,,,
0.535441817,-1.264372349,,0.024310428,0.751619076,,0.000590997,0.564931236,,,,,0.018272181,,,,
0.902918501,-0.888581286,,0.391787112,1.127410139,,0.153497141,1.271053622,,,,,0.441704762,,,,
0.439802198,-2.307758706,,-0.071329191,-0.291767281,,0.005087854,0.085128146,,,,,0.020811524,,,,
1.361210613,-2.591961814,,0.850079224,-0.575970389,,0.722634686,0.331741889,,,,,-0.489620461,,,,
-1.285303422,-3.412726369,,-1.796434811,-1.396734944,,3.227178031,1.950868503,,,,,2.509143275,,,,
0.360408653,-1.900518843,,-0.150722736,0.115472582,,0.022717343,0.013333917,,,,,-0.017404344,,,,
-0.695202774,-1.809320526,,-1.206334163,0.206670899,,1.455242114,0.042712861,,,,,-0.249314166,,,,
1.567190544,-2.015105941,,1.056059155,0.000885484,,1.115260938,7.84082E-07,,,,,0.000935124,,,,
3.014181696,0.207952894,,2.503050307,2.223944319,,6.265260838,4.945928335,,,,,5.56664451,,,,
-0.065587841,-1.730980579,,-0.57671923,0.285010846,,0.332605071,0.081231182,,,,,-0.164371236,,,,
1.446545057,-1.623325514,,0.935413668,0.392665911,,0.87499873,0.154186518,,,,,0.36730506,,,,
0.158832751,-3.63528896,,-0.352298638,-1.619297535,,0.124114331,2.622124506,,,,,0.570476317,,,,
0.69409098,-2.272512195,,0.182959591,-0.25652077,,0.033474212,0.065802905,,,,,-0.046932935,,,,
0.674289088,-1.3656837,,0.163157699,0.650307725,,0.026620435,0.422900137,,,,,0.106102712,,,,
2.31412795,-0.584243761,,1.802996561,1.431747664,,3.250796598,2.049901374,,,,,2.581436114,,,,
1.371658779,-1.675513894,,0.86052739,0.340477531,,0.740507388,0.115924949,,,,,0.292990241,,,,
0.796652764,-2.525663489,,0.285521375,-0.509672064,,0.081522455,0.259765613,,,,,-0.145522268,,,,
0.719644732,-1.687505946,,0.208513343,0.328485479,,0.043477814,0.10790271,,,,,0.068493605,,,,
1.755149567,0.023615564,,1.244018178,2.039606989,,1.547581226,4.15999667,,,,,2.53730817,,,,
1.363278717,-2.134953298,,0.852147328,-0.118961873,,0.726155068,0.014151927,,,,,-0.101373042,,,,
0.07464798,-2.891560901,,-0.436483409,-0.875569476,,0.190517767,0.766621907,,,,,0.38217155,,,,
0.444468206,-1.502303261,,-0.066663183,0.513688164,,0.00444398,0.26387553,,,,,-0.034244088,,,,
0.164570414,-2.260423695,,-0.346560975,-0.24443227,,0.12010451,0.059747135,,,,,0.084710686,,,,
-0.482718103,-3.233530785,,-0.993849492,-1.21753936,,0.987736813,1.482402093,,,,,1.210050875,,,,
-0.321918882,-1.239922054,,-0.833050271,0.776069371,,0.693972755,0.602283669,,,,,-0.6465048,,,,
0.988737533,-1.554401013,,0.477606144,0.461590412,,0.228107628,0.213065709,,,,,0.220458417,,,,
0.521307905,-2.898368329,,0.010176516,-0.882376904,,0.000103561,0.778589,,,,,-0.008979522,,,,
0.310360732,-2.212242439,,-0.200770657,-0.196251014,,0.040308857,0.03851446,,,,,0.039401445,,,,
-0.469322921,-3.119566286,,-0.98045431,-1.103574861,,0.961290655,1.217877474,,,,,1.082004729,,,,
0.307198707,-1.987986274,,-0.203932682,0.028005151,,0.041588539,0.000784288,,,,,-0.005711166,,,,
-0.853721805,-3.63365266,,-1.364853194,-1.617661235,,1.862824242,2.616827871,,,,,2.207870104,,,,
-0.21058433,-2.625765328,,-0.721715719,-0.609773903,,0.52087358,0.371824213,,,,,0.440083411,,,,
0.344952084,-1.11989834,,-0.166179305,0.896093085,,0.027615562,0.802982817,,,,,-0.148912126,,,,
1.288021392,-0.848785863,,0.776890003,1.167205562,,0.603558076,1.362368824,,,,,0.906790332,,,,
-0.213684805,-2.807814177,,-0.724816194,-0.791822752,,0.525358516,0.62698327,,,,,0.573925954,,,,
0.208770471,-1.83123585,,-0.302360918,0.184755575,,0.091422125,0.034134623,,,,,-0.055862865,,,,
0.320758925,-1.155496543,,-0.190372464,0.860494882,,0.036241675,0.740451442,,,,,-0.163814531,,,,
2.717324629,-0.043756672,,2.20619324,1.972234753,,4.867288611,3.889709921,,,,,4.351130979,,,,
-1.055037828,-3.193958038,,-1.566169217,-1.177966613,,2.452886017,1.387605341,,,,,1.844895048,,,,
-0.020608487,-2.442778697,,-0.531739876,-0.426787272,,0.282747296,0.182147375,,,,,0.226939811,,,,
-0.504567093,-2.570068527,,-1.015698482,-0.554077102,,1.031643407,0.307001435,,,,,0.562775271,,,,
-0.356141185,-2.058155751,,-0.867272574,-0.042164326,,0.752161718,0.00177783,,,,,0.036567963,,,,
0.493622109,-2.210047937,,-0.01750928,-0.194056512,,0.000306575,0.03765793,,,,,0.00339779,,,,
0.720515821,-0.925925679,,0.209384432,1.090065746,,0.04384184,1.188243331,,,,,0.228242797,,,,
0.932970892,-2.427287561,,0.421839503,-0.411296136,,0.177948566,0.169164511,,,,,-0.173500957,,,,
0.965016335,-1.944861575,,0.453884946,0.07112985,,0.206011544,0.005059456,,,,,0.032284768,,,,
0.452261269,-2.353021819,,-0.05887012,-0.337030394,,0.003465691,0.113589486,,,,,0.01984102,,,,
0.293561916,-1.229401621,,-0.217569473,0.786589804,,0.047336476,0.61872352,,,,,-0.171137929,,,,
1.696656094,-0.699753636,,1.185524705,1.316237789,,1.405468825,1.732481918,,,,,1.560432416,,,,
0.935021966,-2.661300606,,0.423890577,-0.645309181,,0.179683221,0.416423939,,,,,-0.273540481,,,,
0.491235982,-1.426312173,,-0.019895407,0.589679252,,0.000395827,0.34772162,,,,,-0.011731909,,,,
0.80415651,-0.126028758,,0.293025121,1.889962667,,0.085863721,3.571958883,,,,,0.553806539,,,,
-0.619948666,-2.419613623,,-1.131080055,-0.403622198,,1.279342092,0.162910879,,,,,0.456529018,,,,
1.756625221,-0.944206178,,1.245493832,1.071785247,,1.551254885,1.148723616,,,,,1.334901914,,,,
1.485606341,-0.810566192,,0.974474952,1.205425233,,0.949601431,1.453049993,,,,,1.174656696,,,,
0.281335959,-3.043813918,,-0.22979543,-1.027822493,,0.05280594,1.056419077,,,,,0.236188912,,,,
0.756573167,-2.111652489,,0.245441778,-0.095661064,,0.060241666,0.009151039,,,,,-0.023479222,,,,
-0.164990764,-2.873194069,,-0.676122153,-0.857202644,,0.457141166,0.734796373,,,,,0.579573697,,,,
0.758608537,-3.026266945,,0.247477148,-1.01027552,,0.061244939,1.020656626,,,,,-0.250020104,,,,
-0.138094659,-3.501594004,,-0.649226048,-1.485602579,,0.421494462,2.207015022,,,,,0.964491892,,,,
0.114401564,-1.874494291,,-0.396729825,0.141497134,,0.157394554,0.020021439,,,,,-0.056136133,,,,
-0.032318803,-1.919713315,,-0.543450192,0.09627811,,0.295338112,0.009269474,,,,,-0.052322357,,,,
1.227201048,-2.647649597,,0.716069659,-0.631658172,,0.512755756,0.398992046,,,,,-0.452311252,,,,
1.591185461,-0.075549186,,1.080054072,1.940442239,,1.166516798,3.765316083,,,,,2.095782541,,,,
0.390788214,-1.437938633,,-0.120343175,0.578052792,,0.01448248,0.33414503,,,,,-0.069564709,,,,
0.514959577,-2.091667699,,0.003828188,-0.075676274,,1.4655E-05,0.005726898,,,,,-0.000289703,,,,
1.353791219,-1.713350587,,0.84265983,0.302640838,,0.710075588,0.091591477,,,,,0.255023277,,,,
-0.809222495,-3.107039149,,-1.320353884,-1.091047724,,1.74333438,1.190385136,,,,,1.4405691,,,,
1.509412846,-1.452424235,,0.998281457,0.56356719,,0.996565867,0.317607978,,,,,0.562598675,,,,
0.484074588,-1.648877216,,-0.027056801,0.367114209,,0.00073207,0.134772843,,,,,-0.009932936,,,,
0.616650011,-1.782846421,,0.105518622,0.233145004,,0.01113418,0.054356593,,,,,0.024601139,,,,
-0.757896552,-3.153320746,,-1.269027941,-1.137329321,,1.610431916,1.293517984,,,,,1.443302687,,,,
1.781060062,-1.732704595,,1.269928673,0.28328683,,1.612718834,0.080251428,,,,,0.359754068,,,,
1.099959517,-1.903530247,,0.588828128,0.112461178,,0.346718564,0.012647517,,,,,0.066220305,,,,
-1.141693066,-3.44192697,,-1.652824455,-1.425935545,,2.73182868,2.033292178,,,,,2.35682114,,,,
-0.394733118,-3.614413902,,-0.905864507,-1.598422477,,0.820590506,2.554954415,,,,,1.44795419,,,,
-1.095524264,-3.460440488,,-1.606655653,-1.444449063,,2.581342388,2.086433095,,,,,2.320732253,,,,
0.089299152,-3.449585489,,-0.421832237,-1.433594064,,0.177942436,2.05519194,,,,,0.604736191,,,,
0.332117161,-1.256152131,,-0.179014228,0.759839294,,0.032046094,0.577355753,,,,,-0.136022045,,,,
0.530134965,-2.106222254,,0.019003576,-0.090230829,,0.000361136,0.008141602,,,,,-0.001714708,,,,
1.217304694,-2.811473915,,0.706173305,-0.79548249,,0.498680736,0.632792392,,,,,-0.561748499,,,,
0.205954031,-1.3328566,,-0.305177358,0.683134825,,0.09313322,0.466673189,,,,,-0.208477281,,,,
-0.121128834,-1.758862222,,-0.632260223,0.257129203,,0.39975299,0.066115427,,,,,-0.162572567,,,,
-0.724675651,-3.440014436,,-1.23580704,-1.424023011,,1.527219041,2.027841535,,,,,1.759817662,,,,
-0.56536665,-2.28597489,,-1.076498039,-0.269983465,,1.158848029,0.072891071,,,,,0.290636671,,,,
1.974044896,-1.447941477,,1.462913507,0.568049948,,2.140115928,0.322680744,,,,,0.831007942,,,,
1.136592174,-1.622057122,,0.625460785,0.393934303,,0.391201193,0.155184235,,,,,0.246390458,,,,
-0.862091861,-3.002860651,,-1.37322325,-0.986869226,,1.885742095,0.973910869,,,,,1.355191766,,,,
2.738441938,-1.521366849,,2.227310549,0.494624576,,4.96091228,0.244653471,,,,,1.101682536,,,,
511.1313894,-2015.991425,,,,,,,,,,,,,,,
0.511131389,-2.015991425,,,,,,,,,,,,,,,